Frage,Predicted tables Deutsch,Predicted Tables,Gold Tables,Ansatz
Zeigen Sie den Stadionnamen und die Anzahl der Konzerte in jedem Stadion an.,"['Konzert', 'Konzert', 'Konzert', 'Konzert', 'Konzert']",['concert'],"['stadium', 'concert']",auto_link_e5_multilang_small
Wie viele Konzerte gibt es für jedes Stadion?,"['Konzert', 'Konzert', 'Konzert', 'Konzert', 'Konzert']",['concert'],"['stadium', 'concert']",auto_link_e5_multilang_small
Zeigen Sie den Namen und die Kapazität des Stadions mit den meisten Konzerten im Jahr 2014 oder danach.,"['Konzert', 'Konzert', 'Konzert', 'Konzert', 'Konzert']",['concert'],"['stadium', 'concert']",auto_link_e5_multilang_small
Wie heißt das Stadion mit den meisten Konzerten nach 2013?,"['Konzert', 'Konzert', 'Konzert', 'Konzert', 'Konzert']",['concert'],"['stadium', 'concert']",auto_link_e5_multilang_small
Wie heißen die Stadien ohne Konzerte?,"['Konzert', 'Konzert', 'Konzert', 'Konzert', 'Konzert']",['concert'],['stadium'],auto_link_e5_multilang_small
"Zeige Namen für alle Stadien mit Ausnahme von Stadien, die im Jahr 2014 ein Konzert haben.","['Konzert', 'Konzert', 'Konzert', 'Konzert', 'Konzert']",['concert'],['stadium'],auto_link_e5_multilang_small
"Wie heißen alle Stadien, die 2014 kein Konzert hatten?","['Konzert', 'Konzert', 'Konzert', 'Konzert', 'Konzert']",['concert'],['stadium'],auto_link_e5_multilang_small
"Wie lauten die Namen der Sängerinnen und Sänger, die 2014 in einem Konzert aufgetreten sind?","['Sänger im Konzert', 'Sänger im Konzert', 'Konzert', 'Konzert', 'Konzert']","['singer_in_concert', 'concert']","['singer', 'concert', 'singer_in_concert']",auto_link_e5_multilang_small
"Finden Sie die Namen und die Standorte der Stadien, in denen einige Konzerte in den Jahren 2014 und 2015 stattfanden.","['Konzert', 'Konzert', 'Konzert', 'Konzert', 'Konzert']",['concert'],"['stadium', 'concert']",auto_link_e5_multilang_small
"Wie lauten die Namen und Standorte der Stadien, in denen sowohl 2014 als auch 2015 Konzerte stattfanden?","['Konzert', 'Konzert', 'Konzert', 'Konzert', 'Konzert']",['concert'],"['stadium', 'concert']",auto_link_e5_multilang_small
"Finden Sie die Anzahl der Haustiere von Studenten, die älter als 20 Jahre sind.","['hat Haustier', 'hat Haustier', 'Haustiere', 'Haustiere', 'Haustiere']","['Has_Pet', 'Pets']","['Student', 'Has_Pet']",auto_link_e5_multilang_small
"Wie viele Haustiere besitzen Studenten, die älter als 20 Jahre sind?","['hat Haustier', 'hat Haustier', 'Haustiere', 'Haustiere', 'Haustiere']","['Has_Pet', 'Pets']","['Student', 'Has_Pet']",auto_link_e5_multilang_small
"Ermitteln Sie die Anzahl der Hunde, die von Studentinnen aufgezogen werden (mit Geschlecht W).","['Hunde', 'Hunde', 'Hunde', 'Hunde', 'hat Haustier']","['Dogs', 'Has_Pet']","['Student', 'Has_Pet', 'Pets']",auto_link_e5_multilang_small
Wie viele Haushunde werden von Studentinnen aufgezogen?,"['hat Haustier', 'hat Haustier', 'Hunde', 'Hunde', 'Hunde']","['Has_Pet', 'Dogs']","['Student', 'Has_Pet', 'Pets']",auto_link_e5_multilang_small
"Finden Sie den Vornamen der Studierenden, die eine Katze oder einen Hund als Haustier haben.","['hat Haustier', 'hat Haustier', 'Haustiere', 'Haustiere', 'Hunde']","['Has_Pet', 'Pets', 'Dogs']","['Student', 'Has_Pet', 'Pets']",auto_link_e5_multilang_small
"Finden Sie den Vornamen von Studierenden, die sowohl Katzen als auch Hunde als Haustiere haben.","['hat Haustier', 'hat Haustier', 'Haustiere', 'Haustiere', 'Hunde']","['Has_Pet', 'Pets', 'Dogs']","['Student', 'Has_Pet', 'Pets']",auto_link_e5_multilang_small
"Finden Sie die Hauptfächer und das Alter der Studierenden, die keine Katze als Haustier haben.","['hat Haustier', 'hat Haustier', 'Haustiere', 'Haustiere', 'Haustiere']","['Has_Pet', 'Pets']",['Student'],auto_link_e5_multilang_small
"Welches Hauptfach hat jeder Studierende, die keine Katze als Haustier besitzt, und wie alt sind sie?","['hat Haustier', 'hat Haustier', 'Haustiere', 'Haustiere', 'Haustiere']","['Has_Pet', 'Pets']",['Student'],auto_link_e5_multilang_small
"Finden Sie die ID von Studierenden, die keine Katze als Haustier haben.","['hat Haustier', 'hat Haustier', 'Haustiere', 'hat Allergie', 'Studentenadressen']","['Has_Pet', 'Pets', 'Has_Allergy', 'Student_Addresses']",['Student'],auto_link_e5_multilang_small
"Finden Sie den Vornamen und das Alter von Studierenden, die einen Hund, aber keine Katze als Haustier haben.","['hat Haustier', 'hat Haustier', 'Haustiere', 'Haustiere', 'Haustiere']","['Has_Pet', 'Pets']","['Student', 'Has_Pet', 'Pets']",auto_link_e5_multilang_small
"Wie lautet der Vorname jeder Studierenden, die einen Hund, aber keine Katze hat?","['hat Haustier', 'hat Haustier', 'Student', 'Student', 'Student']","['Has_Pet', 'student', 'Student', 'STUDENT']","['Student', 'Has_Pet', 'Pets']",auto_link_e5_multilang_small
"Finden Sie den Vornamen und das Alter von Studierenden, die ein Haustier haben.","['hat Haustier', 'hat Haustier', 'Haustiere', 'Haustiere', 'Haustiere']","['Has_Pet', 'Pets']","['Student', 'Has_Pet']",auto_link_e5_multilang_small
"Wie lauten die verschiedenen Vornamen und das Alter der Studierenden, die Haustiere haben?","['hat Haustier', 'hat Haustier', 'Haustiere', 'Haustiere', 'Haustiere']","['Has_Pet', 'Pets']","['Student', 'Has_Pet']",auto_link_e5_multilang_small
"Was ist die ID des Haustiers, das der Student mit dem Nachnamen ""Smith"" besitzt?","['hat Haustier', 'hat Haustier', 'hat Allergie', 'Besuche des Restaurants', 'Verhaltensvorfall']","['Has_Pet', 'Has_Allergy', 'Visits_Restaurant', 'Behavior_Incident']","['Student', 'Has_Pet']",auto_link_e5_multilang_small
"Finden Sie die Anzahl der Haustiere für alle Studierenden, die ein Haustier und eine Student-ID haben.","['hat Haustier', 'hat Haustier', 'Haustiere', 'Hunde', 'Studentenadressen']","['Has_Pet', 'Pets', 'Dogs', 'Student_Addresses']","['Student', 'Has_Pet']",auto_link_e5_multilang_small
"Für Studierende, die Haustiere haben , wie viele Haustiere hat jeder Studierende ? Geben Sie statt der Namen ihre IDs an.","['hat Haustier', 'hat Haustier', 'Haustiere', 'Haustiere', 'Studentenadressen']","['Has_Pet', 'Pets', 'Student_Addresses']","['Student', 'Has_Pet']",auto_link_e5_multilang_small
"Finden Sie den Nachnamen der Studierenden, die eine Katze im Alter von 3 Jahren haben.","['hat Haustier', 'hat Haustier', 'Student', 'Student', 'Student']","['Has_Pet', 'student', 'Student', 'STUDENT']","['Student', 'Has_Pet', 'Pets']",auto_link_e5_multilang_small
"Wie lautet der Nachname der Studierenden, die eine 3 Jahre alte Katze hat?","['hat Haustier', 'hat Haustier', 'Student', 'Student', 'Student']","['Has_Pet', 'student', 'Student', 'STUDENT']","['Student', 'Has_Pet', 'Pets']",auto_link_e5_multilang_small
"Wie hoch ist das Durchschnittsalter für alle Studierenden, die keine Haustiere besitzen?","['hat Haustier', 'hat Haustier', 'Haustiere', 'Haustiere', 'Haustiere']","['Has_Pet', 'Pets']",['Student'],auto_link_e5_multilang_small
"Wie viele Modelle stellt jeder Autohersteller her? Geben Sie den vollständigen Namen, die ID und die Nummer des Herstellers an.","['Modellliste', 'Modellliste', 'Modellliste', 'Autonamen', 'Länder']","['model_list', 'car_names', 'countries']","['car_makers', 'model_list']",auto_link_e5_multilang_small
Welches Modell des Autos hat die Mindestleistung?,"['Modellliste', 'Modellliste', 'Modellliste', 'Autonamen', 'Autonamen']","['model_list', 'car_names']","['car_names', 'cars_data']",auto_link_e5_multilang_small
Welches ist das Modell des Autos mit der geringsten Leistung?,"['Modellliste', 'Modellliste', 'Modellliste', 'Autonamen', 'Autonamen']","['model_list', 'car_names']","['car_names', 'cars_data']",auto_link_e5_multilang_small
"Finden Sie die Namen der Autohersteller, die im Jahr 1970 einige Autos hergestellt haben?","['Modellliste', 'Modellliste', 'Autohersteller', 'Länder', 'Autohersteller']","['model_list', 'car_makers', 'countries']","['car_makers', 'model_list', 'car_names', 'cars_data']",auto_link_e5_multilang_small
"Wie lauten die Namen der verschiedenen Autohersteller, die im Jahr 1970 ein Auto produziert haben?","['Modellliste', 'Autohersteller', 'Modellliste', 'Länder', 'Autohersteller']","['model_list', 'car_makers', 'countries']","['car_makers', 'model_list', 'car_names', 'cars_data']",auto_link_e5_multilang_small
"Finden Sie die Marke und Produktionszeit der Autos, die im frühesten Jahr produziert wurden?","['Autodaten', 'Modellliste', 'Hersteller', 'Autohersteller', 'Modellliste']","['cars_data', 'model_list', 'Manufacturers', 'producer', 'manufacturer', 'car_makers']","['car_names', 'cars_data']",auto_link_e5_multilang_small
"Welches ist der Autohersteller, das im frühesten Jahr produziert wurde, und welches Jahr war es?","['Hersteller', 'Autohersteller', 'Autohersteller', 'Modellliste', 'Autohersteller']","['Manufacturers', 'producer', 'manufacturer', 'car_makers', 'model_list']","['car_names', 'cars_data']",auto_link_e5_multilang_small
"Welches ist der Autohersteller, das im frühesten Jahr produziert wurde, und welches Jahr war es?","['Hersteller', 'Autohersteller', 'Autohersteller', 'Modellliste', 'Autohersteller']","['Manufacturers', 'producer', 'manufacturer', 'car_makers', 'model_list']","['car_names', 'cars_data']",auto_link_e5_multilang_small
Welche verschiedenen Modelle werden nach 1980 produziert?,"['Modellliste', 'Modellliste', 'Chip-Modell', 'Modellliste', 'Hersteller']","['model_list', 'chip_model', 'Manufacturers', 'producer', 'manufacturer']","['model_list', 'car_names', 'cars_data']",auto_link_e5_multilang_small
Welches sind die verschiedenen Modelle für die nach 1980 produzierten Karten?,"['Kundenkarten', 'Kundenkarten', 'Modellliste', 'Modellliste', 'Kundenkarten']","['Customers_Cards', 'model_list']","['model_list', 'car_names', 'cars_data']",auto_link_e5_multilang_small
Wie viele Autohersteller gibt es auf jedem Kontinent? Geben Sie den Namen des Kontinents und die Anzahl an.,"['Länder', 'Länder', 'Länder', 'Autohersteller', 'Modellliste']","['countries', 'car_makers', 'model_list']","['continents', 'countries', 'car_makers']",auto_link_e5_multilang_small
Wie lauten die Namen der einzelnen Kontinente und wie viele Autohersteller gibt es auf jedem Kontinent?,"['Länder', 'Länder', 'Länder', 'Autohersteller', 'Modellliste']","['countries', 'car_makers', 'model_list']","['continents', 'countries', 'car_makers']",auto_link_e5_multilang_small
"Wie viele Automodelle werden von jedem Hersteller produziert, und wie lauten die ID und der vollständige Name jedes Herstellers?","['Modellliste', 'Autonamen', 'Modellliste', 'Länder', 'Modellliste']","['model_list', 'car_names', 'countries']","['car_makers', 'model_list']",auto_link_e5_multilang_small
Wie hoch ist die Beschleunigung der Fahrzeugmarke amc hornet sportabout (sw)?,"['Autodaten', 'Nutzerprofile', 'Team-Franchise', 'Rundstrecken', 'Fahrer']","['cars_data', 'user_profiles', 'team_franchise', 'circuits', 'drivers']","['car_names', 'cars_data']",auto_link_e5_multilang_small
Wie hoch ist die Beschleunigung des Autos der Marke amc hornet sportabout (sw)?,"['Autodaten', 'Autodaten', 'Team-Franchise', 'Nutzerprofile', 'Team-Franchise']","['cars_data', 'team_franchise', 'user_profiles']","['car_names', 'cars_data']",auto_link_e5_multilang_small
Wie viele Automodelle werden in den USA hergestellt?,"['Modellliste', 'Modellliste', 'Modellliste', 'Länder', 'Länder']","['model_list', 'countries']","['countries', 'car_makers', 'model_list']",auto_link_e5_multilang_small
Wie viele Automodelle werden in den Vereinigten Staaten hergestellt?,"['Modellliste', 'Modellliste', 'Modellliste', 'Länder', 'Länder']","['model_list', 'countries']","['countries', 'car_makers', 'model_list']",auto_link_e5_multilang_small
Wie hoch ist das Durchschnittsgewicht und -alter für jedes Jahr?,"['Haustiere', 'Haustiere', 'Haustiere', 'Person', 'Haustiere']","['Pets', 'people', 'Person']",['cars_data'],auto_link_e5_multilang_small
Wie hoch ist das Durchschnittsgewicht und -alter für jedes Jahr?,"['Haustiere', 'Haustiere', 'Haustiere', 'Person', 'Haustiere']","['Pets', 'people', 'Person']",['cars_data'],auto_link_e5_multilang_small
Welche Länder in Europa haben mindestens 3 Autohersteller?,"['Länder', 'Länder', 'Länder', 'Autohersteller', 'Modellliste']","['countries', 'car_makers', 'model_list']","['continents', 'countries', 'car_makers']",auto_link_e5_multilang_small
Wie lauten die Namen aller europäischen Länder mit mindestens 3 Herstellern?,"['Länder', 'Länder', 'Länder', 'Hersteller', 'Hersteller']","['countries', 'Manufacturers', 'producer', 'manufacturer']","['continents', 'countries', 'car_makers']",auto_link_e5_multilang_small
Welches ist die größte Pferdestärke-Leistung bei den Modellen mit 3 Zylindern und welche Marke ist es?,"['Autodaten', 'Autodaten', 'Farm', 'Modellliste', 'Ergebnisse']","['cars_data', 'farm', 'model_list', 'results']","['car_names', 'cars_data']",auto_link_e5_multilang_small
Welches ist das Automodell mit der höchsten mpg ?,"['Autodaten', 'Modellliste', 'Flugzeug', 'Modellliste', 'Autodaten']","['cars_data', 'model_list', 'aircraft']","['car_names', 'cars_data']",auto_link_e5_multilang_small
Wie hoch ist der durchschnittliche edispl für alle Volvos?,"['Autodaten', 'Nutzerprofile', 'Nutzerprofile', 'Fahrerstand', 'Modellliste']","['cars_data', 'user_profiles', 'driverStandings', 'model_list']","['car_names', 'cars_data']",auto_link_e5_multilang_small
Welches Modell hat die meisten verschiedenen Versionen?,"['Gerät', 'Modellliste', 'Modellliste', 'Bildschirm-Modell', 'Bildschirm-Modell']","['device', 'model_list', 'screen_mode']",['car_names'],auto_link_e5_multilang_small
Welches Modell hat die meisten verschiedenen Versionen?,"['Gerät', 'Modellliste', 'Modellliste', 'Bildschirm-Modell', 'Bildschirm-Modell']","['device', 'model_list', 'screen_mode']",['car_names'],auto_link_e5_multilang_small
Wie viele Autos wurden 1980 produziert?,"['Länder', 'Modellliste', 'Autohersteller', 'Modellliste', 'Länder']","['countries', 'model_list', 'car_makers']",['cars_data'],auto_link_e5_multilang_small
Wie viele Autos wurden 1980 produziert?,"['Länder', 'Modellliste', 'Autohersteller', 'Modellliste', 'Länder']","['countries', 'model_list', 'car_makers']",['cars_data'],auto_link_e5_multilang_small
Wie viele Autos wurden 1980 hergestellt?,"['Modellliste', 'Länder', 'Modellliste', 'Länder', 'Autohersteller']","['model_list', 'countries', 'car_makers']",['cars_data'],auto_link_e5_multilang_small
Wie viele Autos wurden 1980 hergestellt?,"['Modellliste', 'Länder', 'Modellliste', 'Länder', 'Autohersteller']","['model_list', 'countries', 'car_makers']",['cars_data'],auto_link_e5_multilang_small
Wie lauten die Namen und IDs aller Hersteller mit mehr als 3 Modellen?,"['Autonamen', 'Modellliste', 'Modellliste', 'Hersteller', 'Autonamen']","['car_names', 'model_list', 'Manufacturers', 'producer', 'manufacturer']","['car_makers', 'model_list']",auto_link_e5_multilang_small
Welche markanten Modelle werden von Herstellern mit dem vollen Namen General Motors oder mit einem Gewicht von mehr als 3500 hergestellt?,"['Modellliste', 'Modellliste', 'Autonamen', 'Autohersteller', 'Autonamen']","['model_list', 'car_names', 'car_makers']","['car_makers', 'model_list', 'car_names', 'cars_data']",auto_link_e5_multilang_small
"Was sind die verschiedenen Modelle, die entweder vom Autohersteller General Motors hergestellt werden oder mehr als 3500 wiegen?","['Modellliste', 'Modellliste', 'Autohersteller', 'Modellliste', 'Autonamen']","['model_list', 'car_makers', 'car_names']","['car_makers', 'model_list', 'car_names', 'cars_data']",auto_link_e5_multilang_small
Wie viele Zylinder hat das Auto mit der geringsten Beschleunigung beim Volvo-Modell?,"['Autodaten', 'Autodaten', 'Modellliste', 'Modellliste', 'Autodaten']","['cars_data', 'model_list']","['car_names', 'cars_data']",auto_link_e5_multilang_small
Wie viele Zylinder hat bei einem Volvo-Modell die Version mit der geringsten Beschleunigung?,"['Autodaten', 'Autodaten', 'Modellliste', 'Modellliste', 'Beschleuniger-kompatibler Browser']","['cars_data', 'model_list', 'accelerator_compatible_browser']","['car_names', 'cars_data']",auto_link_e5_multilang_small
Welches Modell hat bei den Autos mit 4 Zylindern die größte Pferdestärke?,"['Autodaten', 'Autodaten', 'Modellliste', 'Modellliste', 'Modellliste']","['cars_data', 'model_list']","['car_names', 'cars_data']",auto_link_e5_multilang_small
Welches Modell hat bei allen 4-Zylinder-Autos die meisten Pferdestärken?,"['Autodaten', 'Modellliste', 'Modellliste', 'Autodaten', 'Modellliste']","['cars_data', 'model_list']","['car_names', 'cars_data']",auto_link_e5_multilang_small
"Welches sind die Marken und Namen aller Autos mit weniger als 4 Zylindern bei den Autos, die keine Mindestpferdestärke haben?","['Modellliste', 'Autodaten', 'Modellliste', 'Länder', 'Autodaten']","['model_list', 'cars_data', 'countries']","['car_names', 'cars_data']",auto_link_e5_multilang_small
"Welche Modelle sind leichter als 3500, werden aber nicht von der 'Ford Motor Company' gebaut?","['Modellliste', 'Modellliste', 'Fahrzeuge', 'Modellliste', 'Autohersteller']","['model_list', 'Vehicles', 'car_makers']","['car_makers', 'model_list', 'car_names', 'cars_data']",auto_link_e5_multilang_small
"Welches sind die verschiedenen Modelle, die leichter als 3500 sind, aber nicht von der 'Ford Motor Company' gebaut wurden?","['Modellliste', 'Modellliste', 'Fahrzeuge', 'Modellliste', 'Autohersteller']","['model_list', 'Vehicles', 'car_makers']","['car_makers', 'model_list', 'car_names', 'cars_data']",auto_link_e5_multilang_small
"Was sind die IDs und die Namen der Länder, die mehr als 3 Autohersteller haben oder das ""Fiat""-Modell produzieren?","['Länder', 'Länder', 'Modellliste', 'Länder', 'Modellliste']","['countries', 'model_list']","['countries', 'car_makers']",auto_link_e5_multilang_small
"Wie lauten die IDs und Namen aller Länder, die entweder mehr als 3 Autohersteller haben oder Fiat-Modelle herstellen?","['Länder', 'Länder', 'Länder', 'Modellliste', 'Autonamen']","['countries', 'model_list', 'car_names']","['countries', 'car_makers']",auto_link_e5_multilang_small
Wie viele Flughäfen haben wir?,"['Flughafen', 'Flughafen', 'Flughafen', 'Flughafen', 'Flughafen']",['airport'],['airports'],auto_link_e5_multilang_small
Geben Sie die Anzahl der Flughäfen zurück.,"['Flughafen', 'Flughafen', 'Flughafen', 'Flughafen', 'Flugzeug']","['airport', 'aircraft']",['airports'],auto_link_e5_multilang_small
Geben Sie die Fluggesellschaft mit der Abkürzung 'UAL' an.,"['Flugzeug', 'Flug', 'Flugzeug', 'Flüge', 'Flug']","['aircraft', 'flight', 'flights']",['airlines'],auto_link_e5_multilang_small
Geben Sie die Fluggesellschaft mit der Abkürzung 'UAL' an.,"['Flugzeug', 'Flug', 'Flugzeug', 'Flüge', 'Flug']","['aircraft', 'flight', 'flights']",['airlines'],auto_link_e5_multilang_small
"Zählen Sie die Anzahl der Flüge, die von 'APG' abfliegen.","['Flug', 'Flugzeug', 'Flughafen', 'Flughafen', 'Flughafen']","['flight', 'aircraft', 'airport']",['flights'],auto_link_e5_multilang_small
Wieviele Flüge starten von der Stadt Aberdeen?,"['Flughafen', 'Flüge', 'Flughafen', 'Flüge', 'Flughafen']","['airport', 'flights']","['airports', 'flights']",auto_link_e5_multilang_small
"Geben Sie die Anzahl der Flüge zurück, die von Aberdeen abgeflogen sind.","['Flug', 'Flughafen', 'Flughafen', 'Flughafen', 'Flughafen']","['flight', 'airport']","['airports', 'flights']",auto_link_e5_multilang_small
Wie viele Flüge kommen in der Stadt Aberdeen an?,"['Flughafen', 'Flughafen', 'Flughafen', 'Flughafen', 'Flughafen']",['airport'],"['airports', 'flights']",auto_link_e5_multilang_small
"Geben Sie die Anzahl der Flüge zurück, die in Aberdeen ankommen.","['Flug', 'Flughafen', 'Flughafen', 'Flug', 'Flüge']","['flight', 'airport', 'flights']","['airports', 'flights']",auto_link_e5_multilang_small
Wie viele Flüge gehen von der Stadt 'Aberdeen' ab und haben das Ziel Stadt 'Ashley'?,"['Flug', 'Flughafen', 'Flüge', 'Flug', 'Flughafen']","['flight', 'airport', 'flights']","['airports', 'flights']",auto_link_e5_multilang_small
Wie viele Flüge fliegen von Aberdeen nach Ashley?,"['Flughafen', 'Flüge', 'Flug', 'Flughafen', 'Flughafen']","['airport', 'flights', 'flight']","['airports', 'flights']",auto_link_e5_multilang_small
Wie viele Flüge der Fluggesellschaft 'United Airlines' gehen zum Flughafen 'ASY'?,"['Flüge', 'Flughafen', 'Flughafen', 'Flughafen', 'Flughafen']","['flights', 'airport']","['airlines', 'flights']",auto_link_e5_multilang_small
"Zählen Sie die Anzahl der Flüge von United Airlines, die am Flughafen 'ASY' ankommen.","['Flugzeug', 'Flüge', 'Flughafen', 'Flughafen', 'Flugzeug']","['aircraft', 'flights', 'airport']","['airlines', 'flights']",auto_link_e5_multilang_small
Wie viele 'United Airlines'-Flüge gehen vom Flughafen 'AHD' ab?,"['Flughafen', 'Flughafen', 'Flughafen', 'Flughafen', 'Flughafen']",['airport'],"['airlines', 'flights']",auto_link_e5_multilang_small
"Geben Sie die Anzahl der United Airlines-Flüge zurück, die vom Flughafen 'AHD' abfliegen.","['Flughafen', 'Flughafen Flugzeuge', 'Flughafen Flugzeuge', 'Flughafen', 'Flughafen']","['airport', 'airport_aircraft']","['airlines', 'flights']",auto_link_e5_multilang_small
Wie viele United Airlines-Flüge gehen in die Stadt 'Aberdeen'?,"['Flughafen', 'Flüge', 'Flug', 'Flughafen', 'Flughafen']","['airport', 'flights', 'flight']","['airlines', 'airports', 'flights']",auto_link_e5_multilang_small
"Zählen Sie die Anzahl der United Airlines-Flüge, die in Aberdeen ankommen.","['Flughafen', 'Flughafen', 'Flugzeug', 'Flughafen', 'Flughafen Flugzeuge']","['airport', 'aircraft', 'airport_aircraft']","['airlines', 'airports', 'flights']",auto_link_e5_multilang_small
Welche Stadt hat die meisten ankommenden Flüge?,"['Flughafen', 'Flughäfen', 'Flughafen', 'Flughafen', 'Flughafen']","['airport', 'airports']","['airports', 'flights']",auto_link_e5_multilang_small
Wie lautet der Code des Flughafens mit der höchsten Anzahl von Flügen?,"['Flughäfen', 'Flughafen', 'Flughafen', 'Flughafen', 'Flughafen Flugzeuge']","['airports', 'airport', 'airport_aircraft']","['airports', 'flights']",auto_link_e5_multilang_small
Wie lautet der Code des Flughafens mit den meisten Flügen?,"['Flughafen', 'Flughafen', 'Flughäfen', 'Flughafen', 'Flughafen']","['airport', 'airports']","['airports', 'flights']",auto_link_e5_multilang_small
Wie lautet der Code des Flughafens mit der geringsten Anzahl von Flügen?,"['Flughäfen', 'Flughafen', 'Flughafen Flugzeuge', 'Flughafen', 'Flughafen']","['airports', 'airport', 'airport_aircraft']","['airports', 'flights']",auto_link_e5_multilang_small
Geben Sie den Code des Flughafens mit den wenigsten Flügen an.,"['Flug', 'Flughäfen', 'Flughafen Flugzeuge', 'Routen', 'Flughafen Flugzeuge']","['flight', 'airports', 'airport_aircraft', 'routes']","['airports', 'flights']",auto_link_e5_multilang_small
Finden Sie die Abkürzung und das Land der Fluggesellschaft mit der geringsten Anzahl von Flügen?,"['Flughäfen', 'Fluggesellschaften', 'Airline', 'Flughafen', 'Flugzeug']","['airports', 'airlines', 'airport', 'aircraft']","['airlines', 'flights']",auto_link_e5_multilang_small
"Welche Fluggesellschaften haben einige Flüge, die vom Flughafen 'AHD' abfliegen?","['Flüge', 'Flughafen Flugzeuge', 'Flughafen Flugzeuge', 'Flughafen Flugzeuge', 'Flug']","['flights', 'airport_aircraft', 'flight']","['airlines', 'flights']",auto_link_e5_multilang_small
Welche Fluggesellschaften haben einen Flug mit dem Quellflughafen 'AHD'?,"['Routen', 'Flughafen Flugzeuge', 'Flüge', 'Flughafen Flugzeuge', 'Flüge']","['routes', 'airport_aircraft', 'flights']","['airlines', 'flights']",auto_link_e5_multilang_small
"Welche Fluggesellschaften haben Flüge, die am Flughafen 'AHD' ankommen?","['Flughafen Flugzeuge', 'Flughafen Flugzeuge', 'Flüge', 'Flughafen Flugzeuge', 'Flug']","['airport_aircraft', 'flights', 'flight']","['airlines', 'flights']",auto_link_e5_multilang_small
Welche Fluggesellschaften haben einen Flug mit Zielflughafen 'AHD'?,"['Flüge', 'Flughafen Flugzeuge', 'Routen', 'Flughafen Flugzeuge', 'Flughafen Flugzeuge']","['flights', 'airport_aircraft', 'routes']","['airlines', 'flights']",auto_link_e5_multilang_small
"Finden Sie alle Fluggesellschaften, die Flüge von den beiden Flughäfen 'APG' und 'CVO' haben.","['Flüge', 'Flugzeug', 'Flughafen', 'Flughafen', 'Flughafen']","['flights', 'aircraft', 'airport']","['airlines', 'flights']",auto_link_e5_multilang_small
"Finden Sie alle Fluggesellschaften, die vom Flughafen 'CVO', aber nicht von der 'APG' abfliegen.","['Flughafen', 'Flugzeug', 'Flüge', 'Flughafen', 'Flughafen']","['airport', 'aircraft', 'flights']","['airlines', 'flights']",auto_link_e5_multilang_small
"Finden Sie alle Fluggesellschaften, die mindestens 10 Flüge haben.","['Flugzeug', 'Flughafen', 'Flüge', 'Flughafen', 'Flughafen']","['aircraft', 'airport', 'flights']","['airlines', 'flights']",auto_link_e5_multilang_small
"Finden Sie alle Fluggesellschaften, die weniger als 200 Flüge haben.","['Flughafen', 'Flughafen', 'Flüge', 'Flughafen', 'Flughafen']","['airport', 'flights']","['airlines', 'flights']",auto_link_e5_multilang_small
"Wie sind die Flugnummern der Flüge, die vom Flughafen ""APG"" abfliegen?","['Flughafen Flugzeuge', 'Flughafen Flugzeuge', 'Flug', 'Flug', 'Flughafen']","['airport_aircraft', 'flight', 'airport']",['flights'],auto_link_e5_multilang_small
"Geben Sie die Flugnummern der Flüge an, die vom Flughafen ""APG"" abfliegen.","['Flughafen Flugzeuge', 'Flughafen Flugzeuge', 'Flug', 'Flug', 'Flugzeug']","['airport_aircraft', 'flight', 'aircraft']",['flights'],auto_link_e5_multilang_small
"Geben Sie die Flugnummern der Flüge an, die am Flughafen ""APG"" landen.","['Flug', 'Flughafen Flugzeuge', 'Flughafen Flugzeuge', 'Flugzeug', 'Flug']","['flight', 'airport_aircraft', 'aircraft']",['flights'],auto_link_e5_multilang_small
"Wie sind die Flugnummern der Flüge, die von der Stadt ""Aberdeen "" abfliegen?","['Flug', 'Flughafen Flugzeuge', 'Flüge', 'Flughafen Flugzeuge', 'Flug']","['flight', 'airport_aircraft', 'flights']","['airports', 'flights']",auto_link_e5_multilang_small
"Geben Sie die Flugnummern der Flüge an, die von Aberdeen abfliegen.","['Flug', 'Flughafen Flugzeuge', 'Flug', 'Flugzeug', 'Flüge']","['flight', 'airport_aircraft', 'aircraft', 'flights']","['airports', 'flights']",auto_link_e5_multilang_small
"Wie lauten die Flugnummern der Flüge, die in der Stadt ""Aberdeen"" ankommen?","['Flughafen Flugzeuge', 'Flüge', 'Flughafen Flugzeuge', 'Flug', 'Flughafen Flugzeuge']","['airport_aircraft', 'flights', 'flight']","['airports', 'flights']",auto_link_e5_multilang_small
"Geben Sie die Flugnummern der Flüge an, die in Aberdeen ankommen.","['Flugzeug', 'Flüge', 'Flug', 'Flughafen Flugzeuge', 'Flughafen Flugzeuge']","['aircraft', 'flights', 'flight', 'airport_aircraft']","['airports', 'flights']",auto_link_e5_multilang_small
"Geben Sie die Anzahl der Flüge an, die in Aberdeen oder in Abilene landen.","['Flughafen', 'Flugzeug', 'Flugzeug', 'Flug', 'Airline']","['airport', 'aircraft', 'flight', 'airlines']","['airports', 'flights']",auto_link_e5_multilang_small
Wie viele Flüge landen in Aberdeen oder Abilene?,"['Flughafen', 'Flug', 'Flughafen', 'Flüge', 'Flughafen']","['airport', 'flight', 'flights']","['airports', 'flights']",auto_link_e5_multilang_small
Welche Flughäfen haben keine abfliegenden oder ankommenden Flüge?,"['Flughafen', 'Flughafen', 'Flughafen', 'Flughafen', 'Flüge']","['airport', 'flights']",['airports'],auto_link_e5_multilang_small
"Wie lauten die Namen der Mitarbeiter, die bei der Bewertung nie eine Auszeichnung erhalten haben?","['Auswertung', 'Auswertung', 'Auswertung', 'Abstimmung über die Auszeichnung des Managers', 'Manager Award']","['evaluation', 'manager_award_vote', 'manager_award']",['employee'],auto_link_e5_multilang_small
"Wie lautet der Name des Geschäfts, das die größte Anzahl von Mitarbeitern einstellt?","['Geschäft', 'Markt', 'Mitarbeiter', 'Mitarbeiter', 'Mitarbeiter']","['store', 'shop', 'business', 'Stores', 'market', 'Staff', 'Employee', 'employee', 'EMPLOYEE', 'staff', 'Employees', 'employees']","['shop', 'hiring']",auto_link_e5_multilang_small
Welches Geschäft hat die meisten Mitarbeiter? Geben Sie mir den Namen des Geschäfts.,"['Geschäft', 'Kunde', 'Geschäft', 'Markt', 'Unternehmen betreiben']","['store', 'shop', 'business', 'Stores', 'Customer', 'visitor', 'customer', 'market', 'operate_company']","['shop', 'hiring']",auto_link_e5_multilang_small
Finden Sie die Anzahl der in jedem Geschäft eingestellten Mitarbeiter; zeigen Sie auch den Namen des Geschäfts an.,"['Geschäft', 'Geschäft', 'Mitarbeiter', 'Einchecken', 'Markt']","['store', 'shop', 'business', 'Stores', 'Staff', 'Employee', 'employee', 'EMPLOYEE', 'staff', 'Employees', 'employees', 'checkin', 'market']","['shop', 'hiring']",auto_link_e5_multilang_small
Geben Sie für jedes Geschäft die Anzahl der dort beschäftigten Mitarbeiter und den Namen des Geschäfts an.,"['Geschäft', 'Markt', 'Geschäft', 'Geschäft', 'Mitarbeiter']","['store', 'shop', 'business', 'Stores', 'market', 'Staff', 'Employee', 'employee', 'EMPLOYEE', 'staff', 'Employees', 'employees']","['shop', 'hiring']",auto_link_e5_multilang_small
Geben Sie mir alle Informationen über die Einstellung.,"['Bestellungen', 'Bestellungen', 'Kundenbestellungen', 'Kundenbestellungen', 'Bestellungen']","['Orders', 'Order_Items', 'Customer_Orders']",['hiring'],auto_link_e5_multilang_small
Geben Sie mir alle Informationen über die Einstellung.,"['Bestellungen', 'Bestellungen', 'Kundenbestellungen', 'Kundenbestellungen', 'Bestellungen']","['Orders', 'Order_Items', 'Customer_Orders']",['hiring'],auto_link_e5_multilang_small
Wie viele verschiedene Standorte gibt es?,"['Standorte', 'Standorte', 'Standorte', 'Standorte', 'Standorte']","['Locations', 'locations']",['shop'],auto_link_e5_multilang_small
Wie viele verschiedene Standorte gibt es?,"['Standorte', 'Standorte', 'Standorte', 'Standorte', 'Standorte']","['Locations', 'locations']",['shop'],auto_link_e5_multilang_small
Zählen Sie die verschiedenen Standorte.,"['Standorte', 'Standorte', 'Standorte', 'Standorte', 'Campus']","['Locations', 'locations', 'Campuses']",['shop'],auto_link_e5_multilang_small
Zählen Sie die verschiedenen Standorte.,"['Standorte', 'Standorte', 'Standorte', 'Standorte', 'Campus']","['Locations', 'locations', 'Campuses']",['shop'],auto_link_e5_multilang_small
Wie viele verschiedene Vorlagen werden für alle Dokumente verwendet?,"['Vorlagen', 'Vorlagen', 'Vorlagen', 'Vorlagen', 'Vorlagen']",['Templates'],['Documents'],auto_link_e5_multilang_small
Wie viele verschiedene Vorlagen werden für alle Dokumente verwendet?,"['Vorlagen', 'Vorlagen', 'Vorlagen', 'Vorlagen', 'Vorlagen']",['Templates'],['Documents'],auto_link_e5_multilang_small
"Zählen Sie die verschiedenen Vorlagen, die für Dokumente verwendet werden.","['Vorlagen', 'alle Dokumente', 'alle Dokumente', 'Vorlagen', 'Vorlagen']","['Templates', 'All_Documents']",['Documents'],auto_link_e5_multilang_small
"Zählen Sie die verschiedenen Vorlagen, die für Dokumente verwendet werden.","['Vorlagen', 'alle Dokumente', 'alle Dokumente', 'Vorlagen', 'Vorlagen']","['Templates', 'All_Documents']",['Documents'],auto_link_e5_multilang_small
"Wie viele Dokumente verwenden die Vorlage mit dem Typcode ""PPT""?","['Vorlagen', 'Vorlagen', 'Vorlagen', 'Vorlagen', 'Vorlagen']",['Templates'],"['Templates', 'Documents']",auto_link_e5_multilang_small
"Zählen Sie die Dokumente, die den Vorlagentyp 'PPT' verwenden.","['Referenz-Dokumentstypen', 'Referenzvorlagentypen', 'Typen des Dokuments', 'Typen des Dokuments', 'Referenzdokumenttypen']","['Ref_Document_Types', 'Ref_Template_Types', 'Document_Types']","['Templates', 'Documents']",auto_link_e5_multilang_small
"Zählen Sie die Dokumente, die den Vorlagentyp 'PPT' verwenden.","['Referenz-Dokumentstypen', 'Referenzvorlagentypen', 'Typen des Dokuments', 'Typen des Dokuments', 'Referenzdokumenttypen']","['Ref_Document_Types', 'Ref_Template_Types', 'Document_Types']","['Templates', 'Documents']",auto_link_e5_multilang_small
Geben Sie die IDs von Vorlagen mit dem Code PP oder PPT zurück.,"['Dokumentabschnitte', 'Bestelllieferungen', 'tatsächliche Bestellung Produkte', 'Tod', 'Produkte gebucht']","['Document_Sections', 'Order_Deliveries', 'Actual_Order_Products', 'death', 'Products_Booked']",['Templates'],auto_link_e5_multilang_small
Geben Sie die IDs von Vorlagen mit dem Code PP oder PPT zurück.,"['Dokumentabschnitte', 'Bestelllieferungen', 'tatsächliche Bestellung Produkte', 'Tod', 'Produkte gebucht']","['Document_Sections', 'Order_Deliveries', 'Actual_Order_Products', 'death', 'Products_Booked']",['Templates'],auto_link_e5_multilang_small
"Geben Sie den Typcode zurück, zu dem die meisten Vorlagen gehören.","['Referenzvorlagentypen', 'Referenzvorlagentypen', 'Referenzdokumenttypen', 'Referenzdokumenttypen', 'Referenzmerkmalstypen']","['Ref_Template_Types', 'Ref_Document_Types', 'Ref_Characteristic_Types']",['Templates'],auto_link_e5_multilang_small
"Geben Sie den Typcode zurück, zu dem die meisten Vorlagen gehören.","['Referenzvorlagentypen', 'Referenzvorlagentypen', 'Referenzdokumenttypen', 'Referenzdokumenttypen', 'Referenzmerkmalstypen']","['Ref_Template_Types', 'Ref_Document_Types', 'Ref_Characteristic_Types']",['Templates'],auto_link_e5_multilang_small
"Wie lautet der Typcode der Vorlage, die von einem Dokument mit dem Namen ""Datenbank"" verwendet wird?","['Vorlagen', 'Vorlagen', 'Vorlagen', 'Vorlagen', 'alle Dokumente']","['Templates', 'All_Documents']","['Templates', 'Documents']",auto_link_e5_multilang_small
"Geben Sie den Typcode der Vorlage zurück, die von einem Dokument mit dem Namen ""Datenbank"" verwendet wird.","['Vorlagen', 'Referenzvorlagentypen', 'Vorlagen', 'Vorlagen', 'Referenzdokumenttypen']","['Templates', 'Ref_Template_Types', 'Ref_Document_Types']","['Templates', 'Documents']",auto_link_e5_multilang_small
"Zeigen Sie alle Dokumentnamen an, die Vorlagen mit dem Vorlagentypcode BK verwenden.","['alle Dokumente', 'alle Dokumente', 'Typen des Dokuments', 'Referenzdokumenttypen', 'Vorlagen']","['All_Documents', 'Document_Types', 'Ref_Document_Types', 'Templates']","['Templates', 'Documents']",auto_link_e5_multilang_small
"Zeigen Sie alle Vorlagentypcodes und die Anzahl der Dokumente an, die jeden Typ verwenden.","['alle Dokumente', 'Vorlagen', 'Typen des Dokuments', 'Vorlagen', 'Typen des Dokuments']","['All_Documents', 'Templates', 'Document_Types']","['Templates', 'Documents']",auto_link_e5_multilang_small
"Was sind die verschiedenen Vorlagentypcodes, und wie viele Dokumente verwenden jeden Typ?","['Vorlagen', 'Typen des Dokuments', 'alle Dokumente', 'Referenzvorlagentypen', 'Vorlagen']","['Templates', 'Document_Types', 'All_Documents', 'Ref_Template_Types']","['Templates', 'Documents']",auto_link_e5_multilang_small
Welcher Vorlagentypcode wird von der meisten Anzahl von Dokumenten verwendet?,"['Vorlagen', 'Typen des Dokuments', 'Referenzvorlagentypen', 'alle Dokumente', 'Referenzdokumenttypen']","['Templates', 'Document_Types', 'Ref_Template_Types', 'All_Documents', 'Ref_Document_Types']","['Templates', 'Documents']",auto_link_e5_multilang_small
"Geben Sie den Code des Vorlagentyps zurück, der am häufigsten in Dokumenten verwendet wird.","['Referenzvorlagentypen', 'Referenzdokumenttypen', 'Referenzdokumenttypen', 'Vorlagen', 'Typen des Dokuments']","['Ref_Template_Types', 'Ref_Document_Types', 'Templates', 'Document_Types']","['Templates', 'Documents']",auto_link_e5_multilang_small
"Welches sind die verschiedenen Beschreibungen für die Vorlagen, die jemals von einem Dokument verwendet wurden?","['Vorlagen', 'Vorlagen', 'Vorlagen', 'Vorlagen', 'Vorlagen']",['Templates'],"['Ref_Template_Types', 'Templates', 'Documents']",auto_link_e5_multilang_small
"Geben Sie die verschiedenen Beschreibungen für Vorlagen zurück, die in einem Dokument verwendet worden sind.","['Vorlagen', 'Vorlagen', 'Vorlagen', 'Vorlagen', 'Referenzvorlagentypen']","['Templates', 'Ref_Template_Types']","['Ref_Template_Types', 'Templates', 'Documents']",auto_link_e5_multilang_small
"Geben Sie die IDs zurück, die den Vorlagen mit der Beschreibung ""Präsentation"" entsprechen.","['Stufe der Anspruchsbearbeitung', 'Ansprüche', 'Bestelllieferungen', 'nimmt Unterricht', 'Stufe der Anspruchsbearbeitung']","['Claims_Processing_Stages', 'Claims', 'Order_Deliveries', 'takes']","['Ref_Template_Types', 'Templates']",auto_link_e5_multilang_small
"Geben Sie die IDs zurück, die den Vorlagen mit der Beschreibung ""Präsentation"" entsprechen.","['Stufe der Anspruchsbearbeitung', 'Ansprüche', 'Bestelllieferungen', 'nimmt Unterricht', 'Stufe der Anspruchsbearbeitung']","['Claims_Processing_Stages', 'Claims', 'Order_Deliveries', 'takes']","['Ref_Template_Types', 'Templates']",auto_link_e5_multilang_small
"Wie viele Absätze für das Dokument mit dem Namen ""Summer Show""?","['Absätze', 'Absätze', 'Show', 'Absätze', 'Show']","['Paragraphs', 'show']","['Documents', 'Paragraphs']",auto_link_e5_multilang_small
"Zählen Sie die Anzahl der Absätze für das Dokument mit dem Namen ""Summer Show"".","['Show', 'Show', 'Show', 'Show', 'Show']",['show'],"['Documents', 'Paragraphs']",auto_link_e5_multilang_small
Alle Absatz-IDs und Texte für das Dokument mit dem Namen 'Welcome to NY' anzeigen.,"['Adressen', 'Adressen', 'Bestellungen', 'Absätze', 'Adressen']","['Addresses', 'Orders', 'Order_Items', 'Paragraphs']","['Documents', 'Paragraphs']",auto_link_e5_multilang_small
"Was sind die IDs und Texte von Absätzen in dem Dokument mit dem Namen ""Welcome to NY""?","['Absätze', 'Absätze', 'Adressen', 'Transkripte', 'Adressen']","['Paragraphs', 'Addresses', 'Transcripts']","['Documents', 'Paragraphs']",auto_link_e5_multilang_small
"Alle Absatztexte für das Dokument mit dem Namen ""Customer reviews"" anzeigen.","['Rezension', 'Kunde', 'Kunde', 'Rezension', 'Rezension']","['review', 'Customer', 'visitor', 'customer']","['Documents', 'Paragraphs']",auto_link_e5_multilang_small
"Was sind die Absatztexte für das Dokument mit dem Namen ""Customer reviews""?","['Rezension', 'Rezension', 'Rezension', 'Kunde', 'Rezension']","['review', 'Customer', 'visitor', 'customer']","['Documents', 'Paragraphs']",auto_link_e5_multilang_small
Geben Sie die ID und den Namen des Dokuments mit den meisten Absätzen zurück.,"['Absätze', 'Absätze', 'alle Dokumente', 'Dokumente verschickt', 'Transaktionen Lose']","['Paragraphs', 'All_Documents', 'Documents_Mailed', 'Transactions_Lots']","['Documents', 'Paragraphs']",auto_link_e5_multilang_small
"Zeigen Sie die Namen der Lehrenden und die Kurse, die sie unterrichten sollen.","['Lehrer', 'Lehrer', 'Kurs', 'Lehrer', 'Abschnitte']","['instructor', 'teacher', 'teachers', 'Teachers', 'course', 'COURSE', 'Course', 'Sections']","['course', 'teacher', 'course_arrange']",auto_link_e5_multilang_small
Wie lauten die Namen der/des einzelnen Lehrenden und welchen Kurs sie unterrichten?,"['Lehrer', 'Lehrer', 'Lehrer', 'Lehrer', 'Kurs']","['instructor', 'teacher', 'teachers', 'Teachers', 'course', 'COURSE', 'Course']","['course', 'teacher', 'course_arrange']",auto_link_e5_multilang_small
"Zeigen Sie die Namen der Lehrenden und die Kurse, die sie unterrichten, in aufsteigender alphabetischer Reihenfolge des Namens der Lehrenden an.","['Lehrer', 'Kurs', 'Lehrer', 'Lehrer', 'Abschnitte']","['instructor', 'teacher', 'teachers', 'Teachers', 'course', 'COURSE', 'Course', 'Sections']","['course', 'teacher', 'course_arrange']",auto_link_e5_multilang_small
"Wie lauten die Namen der Lehrenden und der Kurse, die sie unterrichten, in aufsteigender alphabetischer Reihenfolge nach dem Namen der Lehrenden?","['Lehrer', 'Lehrer', 'Kurs', 'Lehrer', 'Lehrer']","['instructor', 'teacher', 'teachers', 'Teachers', 'course', 'COURSE', 'Course']","['course', 'teacher', 'course_arrange']",auto_link_e5_multilang_small
Zeigen Sie den Namen der Lehrenden für den Mathematikkurs an.,"['Lehrer', 'Kurs', 'Lehrer', 'Lehrer', 'Lehrer']","['instructor', 'teacher', 'teachers', 'Teachers', 'course', 'COURSE', 'Course']","['course', 'teacher', 'course_arrange']",auto_link_e5_multilang_small
"Wie lauten die Namen der Personen, die Mathekurse unterrichten?","['Lehrer', 'Kursautoren und Tutoren', 'Kursautoren und Tutoren', 'Kursautoren und Tutoren', 'Lehrer']","['instructor', 'teacher', 'teachers', 'Teachers', 'Course_Authors_and_Tutors']","['course', 'teacher', 'course_arrange']",auto_link_e5_multilang_small
"Zeigen Sie die Namen der Lehrenden und die Anzahl der Kurse, die sie unterrichten.","['Lehrer', 'Kurs', 'Lehrer', 'Lehrer', 'Kurse']","['instructor', 'teacher', 'teachers', 'Teachers', 'course', 'COURSE', 'Course', 'Courses']","['teacher', 'course_arrange']",auto_link_e5_multilang_small
"Wie lauten die Namen der Lehrenden und die Anzahl der Kurse, die sie unterrichten?","['Lehrer', 'Lehrer', 'Lehrer', 'Lehrer', 'Kurs']","['instructor', 'teacher', 'teachers', 'Teachers', 'course', 'COURSE', 'Course']","['teacher', 'course_arrange']",auto_link_e5_multilang_small
"Zeigen Sie die Namen der Lehrenden, die mindestens zwei Kurse unterrichten.","['Lehrer', 'Lehrer', 'Lehrer', 'Kurs', 'Kurs']","['instructor', 'teacher', 'teachers', 'Teachers', 'course', 'COURSE', 'Course']","['teacher', 'course_arrange']",auto_link_e5_multilang_small
"Wie lauten die Namen der Lehrenden, die mindestens zwei Kurse unterrichten?","['Lehrer', 'Lehrer', 'Lehrer', 'Lehrer', 'Kursautoren und Tutoren']","['instructor', 'teacher', 'teachers', 'Teachers', 'Course_Authors_and_Tutors']","['teacher', 'course_arrange']",auto_link_e5_multilang_small
"Finden Sie die ID, den Namen und das Alter von Besuchern, die einige Museen mehr als einmal besucht haben.","['Besuch', 'Besuch', 'Besuche', 'Besuch', 'Museen']","['visit', 'Visits', 'Museums']","['visitor', 'visit']",auto_link_e5_multilang_small
"Welches sind die ID, der Name und die Mitgliedsstufe der Besucher, die insgesamt den größten Geldbetrag für alle Museumstickets ausgegeben haben?","['Besuch', 'Besuch', 'Besuch', 'Besuche', 'Besuch']","['visit', 'Visits']","['visitor', 'visit']",auto_link_e5_multilang_small
"Wie lautet der Name des Besuchers, der sowohl ein vor 2009 eröffnetes Museum als auch ein nach 2011 eröffnetes Museum besucht hat?","['Besuch', 'Museum', 'Besuch', 'Museum', 'Museen']","['visit', 'museum', 'Museums']","['museum', 'visitor', 'visit']",auto_link_e5_multilang_small
"Ermitteln Sie die Anzahl der Besucher, die kein nach 2010 eröffnetes Museum besucht haben.","['Besuch', 'Besuch', 'Besuch', 'Besuche', 'Museum']","['visit', 'Visits', 'museum']",['visitor'],auto_link_e5_multilang_small
Finden Sie die Gesamtzahl der Spiele.,"['Auftritte', 'Basketballspiel', 'Spiel', 'Sportinfo', 'Fielding']","['appearances', 'basketball_match', 'match', 'event', 'game', 'SportsInfo', 'fielding']",['matches'],auto_link_e5_multilang_small
Zählen Sie die Spiele.,"['Spiel', 'Spiel', 'Spiel', 'Spiel', 'Heimspiel']","['match', 'event', 'game', 'home_game']",['matches'],auto_link_e5_multilang_small
Finden Sie den durchschnittlichen Rang der Gewinner in allen Spielen.,"['Ranglisten', 'Manager', 'Vereinsrang', 'Pitching', 'Ranglisten']","['rankings', 'manager', 'club_rank', 'pitching']",['matches'],auto_link_e5_multilang_small
Finden Sie den durchschnittlichen Rang der Gewinner in allen Spielen.,"['Ranglisten', 'Manager', 'Vereinsrang', 'Pitching', 'Ranglisten']","['rankings', 'manager', 'club_rank', 'pitching']",['matches'],auto_link_e5_multilang_small
Finden Sie die Anzahl der verschiedenen Namen der Verlierer.,"['Nutzerprofile', 'Täter', 'abhängig', 'Referenz-Spediteure', 'Täter']","['user_profiles', 'perpetrator', 'dependent', 'Ref_Shipping_Agents']",['matches'],auto_link_e5_multilang_small
Finden Sie die Anzahl der verschiedenen Namen der Verlierer.,"['Nutzerprofile', 'Täter', 'abhängig', 'Referenz-Spediteure', 'Täter']","['user_profiles', 'perpetrator', 'dependent', 'Ref_Shipping_Agents']",['matches'],auto_link_e5_multilang_small
"Wie lauten die Namen der Spieler, die sowohl im Jahr 2013 als auch im Jahr 2016 gewonnen haben?","['Spielerpreis', 'Spielerpreis', 'Spielerpreis', 'Spielerpreis', 'Manager Award']","['player_award', 'manager_award']",['matches'],auto_link_e5_multilang_small
"Wie lauten die Namen der Spieler, die sowohl im Jahr 2013 als auch im Jahr 2016 gewonnen haben?","['Spielerpreis', 'Spielerpreis', 'Spielerpreis', 'Spielerpreis', 'Manager Award']","['player_award', 'manager_award']",['matches'],auto_link_e5_multilang_small
"Geben Sie die Anzahl aller Spiele an, die 2013 oder 2016 stattgefunden haben.","['Auftritte', 'Auftritte', 'Gastgeberstadt', 'Auftritte', 'Nachsaison']","['appearances', 'hosting_city', 'postseason']",['matches'],auto_link_e5_multilang_small
"Geben Sie die Anzahl aller Spiele an, die 2013 oder 2016 stattgefunden haben.","['Auftritte', 'Auftritte', 'Gastgeberstadt', 'Auftritte', 'Nachsaison']","['appearances', 'hosting_city', 'postseason']",['matches'],auto_link_e5_multilang_small
Wie viele Spiele wurden 2013 oder 2016 ausgetragen?,"['Auftritte', 'Mannschaftshälfte', 'Mannschaftshälfte', 'Pitching', 'Auftritte']","['appearances', 'team_half', 'pitching']",['matches'],auto_link_e5_multilang_small
Wie viele Spiele wurden 2013 oder 2016 ausgetragen?,"['Auftritte', 'Mannschaftshälfte', 'Mannschaftshälfte', 'Pitching', 'Auftritte']","['appearances', 'team_half', 'pitching']",['matches'],auto_link_e5_multilang_small
Finden Sie das Jahr mit der höchsten Anzahl von Spielen.,"['Spiel', 'Spiel', 'Spielsaison', 'Heimspiel', 'Ruhmeshalle']","['match', 'event', 'game', 'match_season', 'home_game', 'hall_of_fame']",['matches'],auto_link_e5_multilang_small
Welches Jahr hatte die meisten Spiele?,"['Heimspiel', 'Gastgeberstadt', 'Pitching', 'Spieler', 'Spiel']","['home_game', 'hosting_city', 'pitching', 'player', 'Player', 'players', 'match', 'event', 'game']",['matches'],auto_link_e5_multilang_small
"Finden Sie den Namen und die Ranglistenpunkte des Gewinners, der die meisten Spiele gewonnen hat.","['Ranglisten', 'Manager', 'Manager Hälfte', 'Ranglisten', 'Ranglisten']","['rankings', 'manager', 'manager_half']",['matches'],auto_link_e5_multilang_small
"Finden Sie den Namen und die Ranglistenpunkte des Gewinners, der die meisten Spiele gewonnen hat.","['Ranglisten', 'Manager', 'Manager Hälfte', 'Ranglisten', 'Ranglisten']","['rankings', 'manager', 'manager_half']",['matches'],auto_link_e5_multilang_small
"Wie lautet der Name des Gewinners, der die meisten Spiele gewonnen hat, und wie viele Ranglistenpunkte hat dieser Spieler?","['Ranglisten', 'Ranglisten', 'Ranglisten', 'Spielerpreisabstimmung', 'Pitching']","['rankings', 'player_award_vote', 'pitching']",['matches'],auto_link_e5_multilang_small
"Wie lautet der Name des Gewinners, der die meisten Spiele gewonnen hat, und wie viele Ranglistenpunkte hat dieser Spieler?","['Ranglisten', 'Ranglisten', 'Ranglisten', 'Spielerpreisabstimmung', 'Pitching']","['rankings', 'player_award_vote', 'pitching']",['matches'],auto_link_e5_multilang_small
Finden Sie die Anzahl der Spieler für jedes Land.,"['Ranglisten', 'Auftritte', 'Spielsaison', 'All Star', 'All Star']","['rankings', 'appearances', 'match_season', 'all_star']",['players'],auto_link_e5_multilang_small
Finden Sie die Anzahl der Spieler für jedes Land.,"['Ranglisten', 'Auftritte', 'Spielsaison', 'All Star', 'All Star']","['rankings', 'appearances', 'match_season', 'all_star']",['players'],auto_link_e5_multilang_small
"Finden Sie die Codes der Länder, die mehr als 50 Spieler haben.","['Rollen', 'Auftritte', 'Rollen', 'Fahrer', 'Spielsaison']","['Roles', 'appearances', 'drivers', 'match_season']",['players'],auto_link_e5_multilang_small
"Finden Sie die Codes der Länder, die mehr als 50 Spieler haben.","['Rollen', 'Auftritte', 'Rollen', 'Fahrer', 'Spielsaison']","['Roles', 'appearances', 'drivers', 'match_season']",['players'],auto_link_e5_multilang_small
"Finden Sie die Anzahl der Spiele, die in jedem Jahr stattgefunden haben.","['Spiel', 'Auftritte', 'Gastgeberstadt', 'Heimspiel', 'Spieler']","['match', 'event', 'game', 'appearances', 'hosting_city', 'home_game', 'player', 'Player', 'players']",['matches'],auto_link_e5_multilang_small
Wie viele Spiele wurden in jedem Jahr ausgetragen?,"['Mannschaftshälfte', 'Auftritte', 'Mannschaftshälfte', 'Heimspiel', 'Mannschaftshälfte']","['team_half', 'appearances', 'home_game']",['matches'],auto_link_e5_multilang_small
Wie viele Spiele wurden in jedem Jahr ausgetragen?,"['Mannschaftshälfte', 'Auftritte', 'Mannschaftshälfte', 'Heimspiel', 'Mannschaftshälfte']","['team_half', 'appearances', 'home_game']",['matches'],auto_link_e5_multilang_small
Wie viele verschiedene Gewinner nahmen an den WTA-Meisterschaften teil und waren beide Linkshänder?,"['Nachsaison', 'Nachsaison', 'Nachsaison schlagen', 'Vereinsrang', 'Nachsaison']","['postseason', 'batting_postseason', 'club_rank']",['matches'],auto_link_e5_multilang_small
Wie viele verschiedene Gewinner nahmen an den WTA-Meisterschaften teil und waren beide Linkshänder?,"['Nachsaison', 'Nachsaison', 'Nachsaison schlagen', 'Vereinsrang', 'Nachsaison']","['postseason', 'batting_postseason', 'club_rank']",['matches'],auto_link_e5_multilang_small
"Finden Sie die Anzahl der linkshändigen Gewinner, die an den WTA-Meisterschaften teilgenommen haben.","['Nachsaison', 'Nachsaison schlagen', 'Nachsaison', 'Pitching Nachsaison', 'Nachsaison']","['postseason', 'batting_postseason', 'pitching_postseason']",['matches'],auto_link_e5_multilang_small
"Finden Sie die Anzahl der linkshändigen Gewinner, die an den WTA-Meisterschaften teilgenommen haben.","['Nachsaison', 'Nachsaison schlagen', 'Nachsaison', 'Pitching Nachsaison', 'Nachsaison']","['postseason', 'batting_postseason', 'pitching_postseason']",['matches'],auto_link_e5_multilang_small
"Finden Sie den Vornamen, den Ländercode und das Geburtsdatum des Gewinners, der in allen Spielen die höchsten Ranglistenpunkte erzielt hat.","['Spiele', 'Spiele', 'Ranglisten', 'Spiele', 'Ranglisten']","['matches', 'rankings']","['players', 'matches']",auto_link_e5_multilang_small
"Wie lauten der Vorname, der Ländercode und das Geburtsdatum des Spielers mit den meisten Ranglistenpunkten in allen Spielen?","['Spieler', 'Ranglisten', 'Ranglisten', 'Ranglisten', 'Ranglisten']","['player', 'Player', 'players', 'rankings']","['players', 'matches']",auto_link_e5_multilang_small
"Wie lauten die verschiedenen IDs und Namen der Kämpfe, in denen Schiffe des Typs ""Brig"" verloren gingen?","['Schiff', 'Schiff', 'Schiff', 'Tod', 'Schiff']","['Ship', 'ship', 'death']","['battle', 'ship']",auto_link_e5_multilang_small
"Wie lauten die IDs und Namen der Kämpfe, die zu insgesamt mehr als 10 Toten führten?","['Tod', 'Tod', 'Täter', 'Tod', 'Schlacht']","['death', 'perpetrator', 'battle']","['battle', 'ship', 'death']",auto_link_e5_multilang_small
Wie viele verschiedene Ergebnisse gibt es bei den Kämpfen?,"['Aufzeichnung', 'Wettbewerb', 'Wettbewerb', 'Konstruktorergebnisse', 'Auftritte']","['record', 'race', 'competition', 'constructorResults', 'appearances']",['battle'],auto_link_e5_multilang_small
Wie viele verschiedene Ergebnisse gibt es bei den Kämpfen?,"['Aufzeichnung', 'Wettbewerb', 'Wettbewerb', 'Konstruktorergebnisse', 'Auftritte']","['record', 'race', 'competition', 'constructorResults', 'appearances']",['battle'],auto_link_e5_multilang_small
In wie vielen Kämpfen hat kein Schiff mit der Tonnage '225' verloren?,"['Schiff', 'Schiff', 'Schiff', 'Schiff', 'Schiff']","['Ship', 'ship']",['battle'],auto_link_e5_multilang_small
"Nennen Sie den Namen und das Datum der Kämpfe, die das Schiff mit dem Namen ""Lettice"" und das Schiff mit dem Namen ""HMS Atalanta"" verloren haben.","['Schiff', 'Schiff', 'Schiff', 'Schiff', 'Schiff']","['Ship', 'ship']","['battle', 'ship']",auto_link_e5_multilang_small
Wie wird der Mathekurs beschrieben?,"['Klasse', 'Kurs arrangieren', 'Kurs', 'Kurs', 'Kurs']","['CLASS', 'course_arrange', 'course', 'COURSE', 'Course']",['Courses'],auto_link_e5_multilang_small
Wie viele Abteilungen bieten die meisten Abschlüsse an?,"['Abteilung', 'Abteilung', 'Abteilung', 'Abteilung', 'Disziplin Einschreibungen']","['department', 'Department', 'DEPARTMENT', 'discipline_enrollments']",['Degree_Programs'],auto_link_e5_multilang_small
Wie viele verschiedene Abteilungen bieten Abschlüsse an?,"['Abteilung', 'Abteilung', 'Disziplin Einschreibungen', 'Abteilung', 'Abteilung']","['department', 'Department', 'DEPARTMENT', 'discipline_enrollments']",['Degree_Programs'],auto_link_e5_multilang_small
Wie viele verschiedene Abschlüsse werden angeboten?,"['Disziplin Einschreibungen', 'Einschreibungen', 'Schule', 'Disziplin Einschreibungen', 'Abschnitte']","['discipline_enrollments', 'enrollments', 'school', 'School', 'Sections']",['Degree_Programs'],auto_link_e5_multilang_small
Wie viele verschiedene Abschlüsse werden angeboten?,"['Disziplin Einschreibungen', 'Einschreibungen', 'Schule', 'Disziplin Einschreibungen', 'Abschnitte']","['discipline_enrollments', 'enrollments', 'school', 'School', 'Sections']",['Degree_Programs'],auto_link_e5_multilang_small
Wie viele Abschlüsse bietet die Abteilung für Ingenieurwissenschaften an?,"['Ingenieurfähigkeiten', 'Ingenieurfähigkeiten', 'Fakultät', 'Fakultät', 'Abteilung']","['Engineer_Skills', 'faculty', 'Faculty', 'department', 'Department', 'DEPARTMENT']","['Departments', 'Degree_Programs']",auto_link_e5_multilang_small
Wie viele Abschlüsse hat die Abteilung für Ingenieurwissenschaften?,"['Ingenieurfähigkeiten', 'Ingenieurfähigkeiten', 'Fakultät', 'Fakultät', 'Abteilung']","['Engineer_Skills', 'faculty', 'Faculty', 'department', 'Department', 'DEPARTMENT']","['Departments', 'Degree_Programs']",auto_link_e5_multilang_small
"Wer ist in einem Semester in 2 Studiengängen eingeschrieben? Führen Sie den Vornamen, den Mittel- und Nachnamen und die ID auf.","['Studenteneinschreibung', 'immatrikuliert in', 'Einschreibung des Studentenkurses', 'Semester', 'Einschreibung des Studentenkurses']","['Student_Enrolment', 'Enrolled_in', 'Student_Course_Enrolment', 'Semesters']","['Students', 'Student_Enrolment']",auto_link_e5_multilang_small
"Wer ist für einen Bachelor-Studiengang eingeschrieben? Führen Sie den Vornamen, den zweiten Vornamen und den Nachnamen auf.","['Student', 'Student', 'Studenten', 'Studenten', 'Kursautoren und Tutoren']","['student', 'Student', 'STUDENT', 'Students', 'Course_Authors_and_Tutors']","['Degree_Programs', 'Students', 'Student_Enrolment']",auto_link_e5_multilang_small
"Wie lauten die Vor-, Mittel- und Nachnamen aller an einem Bachelor-Studiengang eingeschriebenen Personen?","['Student', 'Student', 'Student', 'Student', 'Student']","['student', 'Student', 'STUDENT']","['Degree_Programs', 'Students', 'Student_Enrolment']",auto_link_e5_multilang_small
"Finden Sie die Art des Studiengangs, in dem die meisten Studierenden eingeschrieben sind?","['Disziplin Einschreibungen', 'Studenteneinschreibung', 'Einschreibungen', 'Einschreibungen', 'Einschreibung des Studentenkurses']","['discipline_enrollments', 'Student_Enrolment', 'enrollments', 'Student_Course_Enrolment']","['Degree_Programs', 'Student_Enrolment']",auto_link_e5_multilang_small
"Wie lautet der Name der Zusammenfassung des Abschlusses, für den die meisten Studierenden eingeschrieben sind?","['Studiengänge', 'Studiengänge', 'Student', 'Student', 'Disziplin Einschreibungen']","['Degree_Programs', 'student', 'Student', 'STUDENT', 'discipline_enrollments']","['Degree_Programs', 'Student_Enrolment']",auto_link_e5_multilang_small
"Wie lautet die ID und die Zusammenfassung des Studiengangs, in dem die meisten Studierenden eingeschrieben sind?","['Studenteneinschreibung', 'Studenteneinschreibung', 'Studenteneinschreibung', 'immatrikuliert in', 'Kurse zur Einschreibung von Studenten']","['Student_Enrolment', 'Enrolled_in', 'Student_Enrolment_Courses']","['Degree_Programs', 'Student_Enrolment']",auto_link_e5_multilang_small
"Welcher Student hat sich am häufigsten für einen Studiengang eingeschrieben? Geben Sie die ID, den Vornamen, den Mittelnamen, den Nachnamen, die Anzahl der Einschreibungen und die Studenten-ID an.","['Studenteneinschreibung', 'immatrikuliert in', 'Anmeldungen für Studentenkurse', 'Studenteneinschreibung', 'Studiengänge']","['Student_Enrolment', 'Enrolled_in', 'Student_Course_Registrations', 'Degree_Programs']","['Students', 'Student_Enrolment']",auto_link_e5_multilang_small
"Wie lauten Vor-, Mittel- und Nachname sowie die ID und die Anzahl der Einschreibungen für den Studierenden, der sich am häufigsten in einen Studiengang eingeschrieben hat?","['Studenteneinschreibung', 'Studenteneinschreibung', 'Disziplin Einschreibungen', 'Kurse zur Einschreibung von Studenten', 'Studenteneinschreibung']","['Student_Enrolment', 'discipline_enrollments', 'Student_Enrolment_Courses']","['Students', 'Student_Enrolment']",auto_link_e5_multilang_small
"Wie lauten die Namen aller Kurse, in die jemals Studierende eingeschrieben waren?","['Einschreibung des Studentenkurses', 'Einschreibung des Studentenkurses', 'Einschreibung des Studentenkurses', 'Kurse zur Einschreibung von Studenten', 'Einschreibung des Studentenkurses']","['Student_Course_Enrolment', 'Student_Enrolment_Courses']","['Courses', 'Student_Enrolment_Courses']",auto_link_e5_multilang_small
"Wie lauten die Namen aller Kurse, für die sich jemals Studierende eingeschrieben haben?","['Einschreibung des Studentenkurses', 'Einschreibung des Studentenkurses', 'Kurse zur Einschreibung von Studenten', 'Kurse zur Einschreibung von Studenten', 'Einschreibung des Studentenkurses']","['Student_Course_Enrolment', 'Student_Enrolment_Courses']","['Courses', 'Student_Enrolment_Courses']",auto_link_e5_multilang_small
"Wie heißt der Kurs, für den sich die meisten Studierenden eingeschrieben haben?","['Einschreibung des Studentenkurses', 'Einschreibung des Studentenkurses', 'Einschreibung des Studentenkurses', 'Kurse zur Einschreibung von Studenten', 'Einschreibung des Studentenkurses']","['Student_Course_Enrolment', 'Student_Enrolment_Courses']","['Courses', 'Student_Enrolment_Courses']",auto_link_e5_multilang_small
"Finden Sie den Nachnamen der Studierenden, die derzeit im Staat North Carolina leben, aber in keinem Studiengang eingeschrieben sind.","['Student', 'Campus', 'Campus', 'Student', 'Student']","['student', 'Student', 'STUDENT', 'Campuses']","['Addresses', 'Students']",auto_link_e5_multilang_small
"Wie lauten die Nachnamen der Studenten, die derzeit im Staat North Carolina leben, aber in keinem Studiengang eingeschrieben sind?","['Student', 'Student', 'Student', 'Student', 'Student']","['student', 'Student', 'STUDENT']","['Addresses', 'Students']",auto_link_e5_multilang_small
Zeigen Sie das Datum und die ID der Abschrift mit mindestens 2 Ergebnissen des Kurses an.,"['Kurs', 'Teilnahme an Studentenkursen', 'Kurs', 'Einschreibung des Studentenkurses', 'Abschnitte']","['course', 'COURSE', 'Course', 'Student_Course_Attendance', 'Student_Course_Enrolment', 'Sections']","['Transcripts', 'Transcript_Contents']",auto_link_e5_multilang_small
Zeigen Sie das Datum und die ID der Abschrift mit mindestens 2 Ergebnissen des Kurses an.,"['Kurs', 'Teilnahme an Studentenkursen', 'Kurs', 'Einschreibung des Studentenkurses', 'Abschnitte']","['course', 'COURSE', 'Course', 'Student_Course_Attendance', 'Student_Course_Enrolment', 'Sections']","['Transcripts', 'Transcript_Contents']",auto_link_e5_multilang_small
"Wie lautet das Datum und die ID der Abschrift, in dem mindestens 2 Kurse aufgeführt sind?","['Kurs', 'Kurs', 'Teilnahme an Studentenkursen', 'Kurse', 'nimmt Unterricht']","['course', 'COURSE', 'Course', 'Student_Course_Attendance', 'Courses', 'takes']","['Transcripts', 'Transcript_Contents']",auto_link_e5_multilang_small
"Wie lautet das Datum und die ID der Abschrift, in dem mindestens 2 Kurse aufgeführt sind?","['Kurs', 'Kurs', 'Teilnahme an Studentenkursen', 'Kurse', 'nimmt Unterricht']","['course', 'COURSE', 'Course', 'Student_Course_Attendance', 'Courses', 'takes']","['Transcripts', 'Transcript_Contents']",auto_link_e5_multilang_small
Wie lautet die Telefonnummer des Mannes mit dem Vornamen Timmothy und dem Nachnamen Ward?,"['Darsteller', 'Wartungsingenieure', 'Individuen', 'Wartungsingenieure', 'Kontakte']","['actor', 'Performers', 'Maintenance_Engineers', 'Individuals', 'Contacts']",['Students'],auto_link_e5_multilang_small
Wie lautet die Telefonnummer des Mannes mit dem Vornamen Timmothy und dem Nachnamen Ward?,"['Darsteller', 'Wartungsingenieure', 'Individuen', 'Wartungsingenieure', 'Kontakte']","['actor', 'Performers', 'Maintenance_Engineers', 'Individuals', 'Contacts']",['Students'],auto_link_e5_multilang_small
An welcher Adresse befinden sich derzeit die meisten Studierenden? Geben Sie die ID der Adresse und alle Zeilen an.,"['Studentenadressen', 'Studenten', 'Studentenadressen', 'Student', 'Studenten']","['Student_Addresses', 'Students', 'student', 'Student', 'STUDENT']","['Addresses', 'Students']",auto_link_e5_multilang_small
"Wie lautet die ID, Zeile 1 und Zeile 2 der Adresse mit den meisten Studierenden?","['Studentenadressen', 'Studentenadressen', 'Studenten', 'Studenten', 'Besuche des Restaurants']","['Student_Addresses', 'Students', 'Visits_Restaurant']","['Addresses', 'Students']",auto_link_e5_multilang_small
Wann wurden die Abschriften im Durchschnitt gedruckt?,"['Auflagengeschichte', 'Veröffentlichung', 'Auflagengeschichte', 'Anzahl der Autoren', 'Anzahl der Autoren']","['Circulation_History', 'publication', 'Authorship']",['Transcripts'],auto_link_e5_multilang_small
Wann wurden die Abschriften im Durchschnitt gedruckt?,"['Auflagengeschichte', 'Veröffentlichung', 'Auflagengeschichte', 'Anzahl der Autoren', 'Anzahl der Autoren']","['Circulation_History', 'publication', 'Authorship']",['Transcripts'],auto_link_e5_multilang_small
"Was ist das früheste Veröffentlichungsdatum einer Abschrift, und welche Details können Sie mir mitteilen?","['Veröffentlichung', 'Veröffentlichung', 'Veröffentlichung', 'Lied', 'Veröffentlichung']","['publication', 'song']",['Transcripts'],auto_link_e5_multilang_small
"Was ist das früheste Veröffentlichungsdatum einer Abschrift, und welche Details können Sie mir mitteilen?","['Veröffentlichung', 'Veröffentlichung', 'Veröffentlichung', 'Lied', 'Veröffentlichung']","['publication', 'song']",['Transcripts'],auto_link_e5_multilang_small
Wie viele Abschriften werden veröffentlicht?,"['Anzahl der Autoren', 'Anzahl der Autoren', 'Veröffentlichung', 'Anzahl der Autoren', 'Anzahl der Autoren']","['Authorship', 'publication']",['Transcripts'],auto_link_e5_multilang_small
Wie viele Abschriften werden veröffentlicht?,"['Anzahl der Autoren', 'Anzahl der Autoren', 'Veröffentlichung', 'Anzahl der Autoren', 'Anzahl der Autoren']","['Authorship', 'publication']",['Transcripts'],auto_link_e5_multilang_small
Wie viele Abschriften sind aufgelistet?,"['Auflagengeschichte', 'Anzahl der Autoren', 'Anzahl der Autoren', 'Anzahl der Autoren', 'Anzahl der Autoren']","['Circulation_History', 'Authorship']",['Transcripts'],auto_link_e5_multilang_small
Wie viele Abschriften sind aufgelistet?,"['Auflagengeschichte', 'Anzahl der Autoren', 'Anzahl der Autoren', 'Anzahl der Autoren', 'Anzahl der Autoren']","['Circulation_History', 'Authorship']",['Transcripts'],auto_link_e5_multilang_small
Was ist das letzte Veröffentlichungsdatum der Abschrift?,"['Veröffentlichung', 'Veröffentlichung', 'schreibt', 'Veröffentlichung', 'Veröffentlichung']","['publication', 'writes']",['Transcripts'],auto_link_e5_multilang_small
Was ist das letzte Veröffentlichungsdatum der Abschrift?,"['Veröffentlichung', 'Veröffentlichung', 'schreibt', 'Veröffentlichung', 'Veröffentlichung']","['publication', 'writes']",['Transcripts'],auto_link_e5_multilang_small
Wann wurde die letzte Abschrift veröffentlicht?,"['Land', 'schreibt', 'Veröffentlichung', 'Auflagengeschichte', 'Veröffentlichung']","['country', 'Country', 'writes', 'publication', 'Circulation_History']",['Transcripts'],auto_link_e5_multilang_small
Wann wurde die letzte Abschrift veröffentlicht?,"['Land', 'schreibt', 'Veröffentlichung', 'Auflagengeschichte', 'Veröffentlichung']","['country', 'Country', 'writes', 'publication', 'Circulation_History']",['Transcripts'],auto_link_e5_multilang_small
Wie oft kann das Ergebnis einer Kursanmeldung höchstens in verschiedenen Abschriften angezeigt werden? Zeigen Sie auch die ID der Kursanmeldung an.,"['Kurs', 'Anmeldungen für Studentenkurse', 'Teilnahme an Studentenkursen', 'Kurs', 'Anmeldungen für Studentenkurse']","['course', 'COURSE', 'Course', 'Student_Course_Registrations', 'Student_Course_Attendance']",['Transcript_Contents'],auto_link_e5_multilang_small
"Wie oft kann ein Kurs maximal in verschiedenen Abschriften angezeigt werden, und wie lautet die ID der Kursanmeldung?","['Kurs', 'Teilnahme an Studentenkursen', 'Kurse', 'Kurs', 'Anmeldungen für Studentenkurse']","['course', 'COURSE', 'Course', 'Student_Course_Attendance', 'Courses', 'Student_Course_Registrations']",['Transcript_Contents'],auto_link_e5_multilang_small
"Zeigen Sie das Datum der Abschrift an, das die geringste Anzahl von Ergebnissen zeigt, und geben Sie auch die ID an.","['Abstimmungsergebnis', 'Beteiligt sich an', 'Teilefehler', 'Autodaten', 'nimmt Unterricht']","['Voting_record', 'Participates_in', 'Part_Faults', 'cars_data', 'takes']","['Transcripts', 'Transcript_Contents']",auto_link_e5_multilang_small
"Zeigen Sie das Datum der Abschrift an, das die geringste Anzahl von Ergebnissen zeigt, und geben Sie auch die ID an.","['Abstimmungsergebnis', 'Beteiligt sich an', 'Teilefehler', 'Autodaten', 'nimmt Unterricht']","['Voting_record', 'Participates_in', 'Part_Faults', 'cars_data', 'takes']","['Transcripts', 'Transcript_Contents']",auto_link_e5_multilang_small
Was ist das Datum und die ID der Abschrift mit der geringsten Anzahl von Ergebnissen?,"['Abstimmungsergebnis', 'Transkripte', 'Auflagengeschichte', 'Ergebnisse', 'Aufgaben']","['Voting_record', 'Transcripts', 'Circulation_History', 'results', 'Tasks']","['Transcripts', 'Transcript_Contents']",auto_link_e5_multilang_small
"Finden Sie das Semester, in dem sowohl Master- als auch Bachelor-Studierende eingeschrieben waren.","['Studenteneinschreibung', 'nimmt Unterricht', 'Einschreibung des Studentenkurses', 'Semester', 'Semester']","['Student_Enrolment', 'takes', 'Student_Course_Enrolment', 'Semesters']","['Degree_Programs', 'Student_Enrolment']",auto_link_e5_multilang_small
"Was ist die ID des Semesters, in dem sowohl Master- als auch Bachelor-Studierende eingeschrieben waren?","['Studenteneinschreibung', 'Semester', 'Einschreibung des Studentenkurses', 'Einschreibung des Studentenkurses', 'Einschreibung des Studentenkurses']","['Student_Enrolment', 'Semesters', 'Student_Course_Enrolment']","['Degree_Programs', 'Student_Enrolment']",auto_link_e5_multilang_small
"Welche verschiedenen Adressen haben Studierende, die dort wohnen?","['Student', 'Studentenadressen', 'Wohnheim', 'Student', 'Student']","['student', 'Student', 'STUDENT', 'Student_Addresses', 'Dorm']",['Students'],auto_link_e5_multilang_small
Führen Sie alle Details der Studenten in umgekehrter lexikographischer Reihenfolge auf.,"['Disziplin Einschreibungen', 'Studentenadressen', 'Student', 'Student', 'Student']","['discipline_enrollments', 'Student_Addresses', 'student', 'Student', 'STUDENT']",['Students'],auto_link_e5_multilang_small
"Finden Sie den Vornamen der Studierenden, die dauerhaft in dem Land Haiti wohnen oder die Handynummer 09700166582 haben.","['Student', 'Studenten', 'lebt in', 'lebt in', 'Studenten']","['student', 'Student', 'STUDENT', 'Students', 'Lives_in']","['Addresses', 'Students']",auto_link_e5_multilang_small
"Wie lauten die Vornamen der Studierenden, die dauerhaft in Haiti wohnen oder die Handynummer 09700166582 haben?","['Student', 'Studenten', 'Studenten', 'Studenten', 'Fakultät']","['student', 'Student', 'STUDENT', 'Students', 'faculty', 'Faculty']","['Addresses', 'Students']",auto_link_e5_multilang_small
"Was ist der Inhalt der Serie ""Sky Radio""?","['Fernsehserie', 'Film', 'Fernsehserie', 'Fernsehserie', 'Film']","['tv_series', 'film', 'movie', 'Movie']",['TV_Channel'],auto_link_e5_multilang_small
"Was ist der Inhalt der Serie ""Sky Radio""?","['Fernsehserie', 'Film', 'Fernsehserie', 'Fernsehserie', 'Film']","['tv_series', 'film', 'movie', 'Movie']",['TV_Channel'],auto_link_e5_multilang_small
"Welcher Fernsehsender zeigt den Cartoon ""The Rise of the Blue Beetle"" (Der Aufstieg des Blauen Käfers)? Geben Sie den Namen der Serie des Fernsehsenders an.","['Film', 'Fernsehkanal', 'Film', 'Film', 'Fernsehserien']","['film', 'movie', 'Movie', 'TV_Channel', 'TV_series']","['TV_Channel', 'Cartoon']",auto_link_e5_multilang_small
"Wie lautet der Serienname des Fernsehsenders, der den Cartoon ""The Rise of the Blue Beetle"" (Der Aufstieg des Blauen Käfers) zeigt?","['Film', 'Fernsehkanal', 'Film', 'Fernsehserie', 'Film']","['film', 'movie', 'Movie', 'TV_Channel', 'tv_series']","['TV_Channel', 'Cartoon']",auto_link_e5_multilang_small
"Wann wird eine Fernsehserie mit der Episode "" Die Liebe eines Lebens"" ausgestrahlt?","['Film', 'Film', 'Fernsehserie', 'Film', 'Fernsehserie']","['film', 'movie', 'Movie', 'tv_series']",['TV_series'],auto_link_e5_multilang_small
"Wann wurde die Episode ""Die Liebe eines Lebens"" ausgestrahlt?","['Film', 'Film', 'Fernsehserie', 'Fernsehserie', 'Film']","['film', 'movie', 'Movie', 'tv_series']",['TV_series'],auto_link_e5_multilang_small
"Was ist der Fernsehsender von Fernsehserien mit der Episode ""Die Liebe eines Lebens""? Führen Sie den Namen des Fernsehsenders der Fernsehserie auf.","['Fernsehserie', 'Film', 'Film', 'Film', 'Fernsehserien']","['tv_series', 'film', 'movie', 'Movie', 'TV_series']","['TV_Channel', 'TV_series']",auto_link_e5_multilang_small
"Wie lautet der Name der Serie mit der Episode ""Die Liebe eines Lebens""?","['Film', 'Film', 'Fernsehserie', 'Film', 'Film']","['film', 'movie', 'Movie', 'tv_series']","['TV_Channel', 'TV_series']",auto_link_e5_multilang_small
"Führen Sie die Episode aller im Fernsehsender gezeigten Fernsehserien mit dem Seriennamen ""Sky Radio"" auf.","['Film', 'Film', 'Film', 'Film', 'Fernsehkanal']","['film', 'movie', 'Movie', 'TV_Channel']","['TV_Channel', 'TV_series']",auto_link_e5_multilang_small
"Wie lautet die Episode der Fernsehserie mit dem Seriennamen ""Sky Radio""?","['Film', 'Film', 'Film', 'Film', 'Fernsehserie']","['film', 'movie', 'Movie', 'tv_series']","['TV_Channel', 'TV_series']",auto_link_e5_multilang_small
"In welchen Ländern gibt es im Fernsehen Cartoons, die von Todd Casey geschrieben wurden?","['Karikatur', 'Karikatur', 'Karikatur', 'Karikatur', 'Karikatur']",['Cartoon'],"['TV_Channel', 'Cartoon']",auto_link_e5_multilang_small
In welchen Ländern werden keine Cartoons von Todd Casey ausgestrahlt?,"['Karikatur', 'Karikatur', 'Karikatur', 'Karikatur', 'Film']","['Cartoon', 'film', 'movie', 'Movie']",['TV_Channel'],auto_link_e5_multilang_small
"Finden Sie den Namen der Fernsehserie und das Land des Fernsehsenders, der einige Cartoons von Ben Jones und Michael Chang abspielt?","['Fernsehkanal', 'Fernsehkanal', 'Film', 'Film', 'Fernsehkanal']","['TV_Channel', 'film', 'movie', 'Movie']","['TV_Channel', 'Cartoon']",auto_link_e5_multilang_small
"Finden Sie die ID der Fernsehsender, die keinen Cartoon unter der Regie von Ben Jones abspielen.","['Fernsehserien', 'Film', 'Fernsehserie', 'Film', 'Karikatur']","['TV_series', 'film', 'movie', 'Movie', 'tv_series', 'Cartoon']",['TV_Channel'],auto_link_e5_multilang_small
Wie lauten die Namen der Pokerspieler?,"['Pokerspieler', 'Pokerspieler', 'Pokerspieler', 'Pokerspieler', 'Pokerspieler']",['poker_player'],"['poker_player', 'people']",auto_link_e5_multilang_small
Geben Sie die Namen aller Pokerspieler zurück.,"['Pokerspieler', 'Pokerspieler', 'Pokerspieler', 'Pokerspieler', 'Pokerspieler']",['poker_player'],"['poker_player', 'people']",auto_link_e5_multilang_small
"Wie lauten die Namen von Pokerspielern, deren Einkommen höher als 300000 ist?","['Pokerspieler', 'Pokerspieler', 'Pokerspieler', 'Pokerspieler', 'Pokerspieler']",['poker_player'],"['poker_player', 'people']",auto_link_e5_multilang_small
"Nennen Sie die Namen von Pokerspielern, deren Einkommen über 300000 liegt.","['Pokerspieler', 'Pokerspieler', 'Pokerspieler', 'Pokerspieler', 'Pokerspieler']",['poker_player'],"['poker_player', 'people']",auto_link_e5_multilang_small
Geben Sie die Namen der Pokerspieler in aufsteigender Reihenfolge nach den Finaltischen geordnet an.,"['Pokerspieler', 'Pokerspieler', 'Pokerspieler', 'Pokerspieler', 'Pokerspieler']",['poker_player'],"['poker_player', 'people']",auto_link_e5_multilang_small
"Wie lauten die Namen von Pokerspielern, aufsteigend geordnet nach der Anzahl der Finaltische, die sie erreicht haben?","['Pokerspieler', 'Pokerspieler', 'Pokerspieler', 'Pokerspieler', 'Pokerspieler']",['poker_player'],"['poker_player', 'people']",auto_link_e5_multilang_small
Welches ist das Geburtsdatum des Pokerspielers mit dem niedrigsten Einkommen?,"['Pokerspieler', 'Pokerspieler', 'Pokerspieler', 'Pokerspieler', 'Pokerspieler']",['poker_player'],"['poker_player', 'people']",auto_link_e5_multilang_small
Geben Sie das Geburtsdatum des Pokerspielers mit dem niedrigsten Einkommen an.,"['Pokerspieler', 'Pokerspieler', 'Pokerspieler', 'Pokerspieler', 'Pokerspieler']",['poker_player'],"['poker_player', 'people']",auto_link_e5_multilang_small
Was ist der Geldrang des höchsten Pokerspielers?,"['Pokerspieler', 'Pokerspieler', 'Pokerspieler', 'Pokerspieler', 'Pokerspieler']",['poker_player'],"['poker_player', 'people']",auto_link_e5_multilang_small
Geben Sie den Geldrang des Pokerspielers mit der größten Höhe zurück.,"['Pokerspieler', 'Pokerspieler', 'Pokerspieler', 'Pokerspieler', 'Pokerspieler']",['poker_player'],"['poker_player', 'people']",auto_link_e5_multilang_small
Wie hoch ist das durchschnittliche Einkommen von Pokerspielern mit einer Körpergröße von über 200?,"['Pokerspieler', 'Pokerspieler', 'Pokerspieler', 'Pokerspieler', 'Pokerspieler']",['poker_player'],"['poker_player', 'people']",auto_link_e5_multilang_small
Geben Sie das durchschnittliche Einkommen von Pokerspielern mit einer Körpergröße von mehr als 200 an.,"['Pokerspieler', 'Pokerspieler', 'Pokerspieler', 'Pokerspieler', 'Pokerspieler']",['poker_player'],"['poker_player', 'people']",auto_link_e5_multilang_small
Wie lauten die Namen der Pokerspieler in absteigender Reihenfolge der Einkommen?,"['Pokerspieler', 'Pokerspieler', 'Pokerspieler', 'Pokerspieler', 'Pokerspieler']",['poker_player'],"['poker_player', 'people']",auto_link_e5_multilang_small
Geben Sie die Namen von Pokerspielern in absteigender Reihenfolge ihrer Einkommen an.,"['Pokerspieler', 'Pokerspieler', 'Pokerspieler', 'Pokerspieler', 'Pokerspieler']",['poker_player'],"['poker_player', 'people']",auto_link_e5_multilang_small
"Listen Sie die Namen von Personen auf, die keine Pokerspieler sind.","['Pokerspieler', 'Pokerspieler', 'Pokerspieler', 'Pokerspieler', 'Pokerspieler']",['poker_player'],['people'],auto_link_e5_multilang_small
"Wie lauten die Namen von Personen, die nicht Poker spielen?","['Pokerspieler', 'Pokerspieler', 'Pokerspieler', 'Pokerspieler', 'Pokerspieler']",['poker_player'],['people'],auto_link_e5_multilang_small
Wie viele Staaten gibt es?,"['Länder', 'Länder', 'Land', 'Land', 'Land']","['countries', 'country', 'Country']",['AREA_CODE_STATE'],auto_link_e5_multilang_small
Wie viele Staaten gibt es?,"['Länder', 'Länder', 'Land', 'Land', 'Land']","['countries', 'country', 'Country']",['AREA_CODE_STATE'],auto_link_e5_multilang_small
"Führen Sie die Vorwahlen auf, in denen die Wähler sowohl für die Kandidatin 'Tabatha Gehling' als auch für die Kandidatin 'Kelly Clauss' gestimmt haben.","['Wahl', 'Kandidaten', 'Abstimmungsergebnis', 'Abstimmungsergebnis', 'Stimmen']","['election', 'Candidates', 'CONTESTANTS', 'Voting_record', 'VOTES']","['AREA_CODE_STATE', 'CONTESTANTS', 'VOTES']",auto_link_e5_multilang_small
In welcher Region liegt die Stadt Kabul?,"['Bezirk', 'betroffene Region', 'Flughafen', 'Adressen', 'Flughäfen']","['district', 'affected_region', 'airport', 'Addresses', 'airports']","['city', 'country']",auto_link_e5_multilang_small
In welcher Region liegt die Stadt Kabul?,"['Bezirk', 'betroffene Region', 'Flughafen', 'Adressen', 'Flughäfen']","['district', 'affected_region', 'airport', 'Addresses', 'airports']","['city', 'country']",auto_link_e5_multilang_small
In welcher Region liegt Kabul?,"['Regionen', 'Adressen', 'Standorte', 'Land', 'Region']","['regions', 'Addresses', 'Locations', 'locations', 'country', 'Country', 'region']","['city', 'country']",auto_link_e5_multilang_small
Wie hoch ist die Gesamtbevölkerung des Bezirks Gelderland?,"['Bezirk', 'Bundesland', 'öffentliche Sicherheit des Landkreises', 'Land', 'Landkreis']","['district', 'state', 'county_public_safety', 'country', 'Country', 'county']",['city'],auto_link_e5_multilang_small
"Wie hoch ist das durchschnittliche BSP und die Gesamtbevölkerung in allen Nationen, deren Regierung das Gebiet der USA ist?","['hoch niedrig', 'hoch niedrig', 'hoch niedrig', 'hoch niedrig', 'hoch niedrig']",['highlow'],['country'],auto_link_e5_multilang_small
"Wie hoch ist das durchschnittliche BSP und die Gesamtbevölkerung in allen Nationen, deren Regierung das Gebiet der USA ist?","['hoch niedrig', 'hoch niedrig', 'hoch niedrig', 'hoch niedrig', 'hoch niedrig']",['highlow'],['country'],auto_link_e5_multilang_small
"Wie lauten die Namen der Länder, die sowohl Englisch als auch Französisch sprechen?","['Land', 'Land', 'Stadt', 'Land', 'Land']","['country', 'Country', 'city']","['country', 'countrylanguage']",auto_link_e5_multilang_small
"Geben Sie die Namen der Länder an, die sowohl Englisch als auch Französisch sprechen.","['Land', 'Land', 'Länder', 'Land', 'Stadt']","['country', 'Country', 'countries', 'city']","['country', 'countrylanguage']",auto_link_e5_multilang_small
"Finden Sie die Stadt mit der größten Bevölkerung, die Englisch verwendet.","['Stadt', 'Stadt', 'Stadt', 'Stadt', 'Stadt']",['city'],"['city', 'countrylanguage']",auto_link_e5_multilang_small
"Welches ist die bevölkerungsreichste Stadt, die Englisch spricht?","['Stadt', 'Bezirk', 'Stadt', 'Stadt', 'Stadt']","['city', 'district']","['city', 'countrylanguage']",auto_link_e5_multilang_small
"Wie lauten die Namen der Städte in Europa, für die Englisch nicht die offizielle Sprache ist?","['Stadt', 'Stadt', 'Stadt', 'Stadt', 'Adressen']","['city', 'Addresses']","['city', 'country']",auto_link_e5_multilang_small
"Welche einzigartigen Städte gibt es in asiatischen Ländern, in denen Chinesisch die offizielle Sprache ist?","['Stadt', 'Stadt', 'Stadt', 'Land', 'Stadt']","['city', 'country', 'Country']","['city', 'country', 'countrylanguage']",auto_link_e5_multilang_small
"Geben Sie die verschiedenen Namen von Städten in Asien zurück, für die Chinesisch die offizielle Sprache ist.","['Stadt', 'Stadt', 'Stadt', 'Stadt', 'Stadt']",['city'],"['city', 'country', 'countrylanguage']",auto_link_e5_multilang_small
Wie hoch ist die durchschnittliche Besucherzahl der Aufführungen?,"['Aufführung', 'Aufführung', 'Anwesenheit der Mitglieder', 'Aufführung', 'Festivaldetail']","['performance', 'member_attendance', 'festival_detail']",['show'],auto_link_e5_multilang_small
Wie hoch ist die durchschnittliche Besucherzahl der Aufführungen?,"['Aufführung', 'Aufführung', 'Anwesenheit der Mitglieder', 'Aufführung', 'Festivaldetail']","['performance', 'member_attendance', 'festival_detail']",['show'],auto_link_e5_multilang_small
Geben Sie die durchschnittliche Besucherzahl aller Aufführungen zurück.,"['Anwesenheit der Mitglieder', 'Aufführung', 'Aufführung', 'Anwesenheit der Mitglieder', 'Aufführung']","['member_attendance', 'performance']",['show'],auto_link_e5_multilang_small
Geben Sie die durchschnittliche Besucherzahl aller Aufführungen zurück.,"['Anwesenheit der Mitglieder', 'Aufführung', 'Aufführung', 'Anwesenheit der Mitglieder', 'Aufführung']","['member_attendance', 'performance']",['show'],auto_link_e5_multilang_small
"Welches sind die Orchester, die keine Aufführungen haben?","['Aufführung', 'Aufführung', 'Aufführung', 'Aufführung', 'Aufführung']",['performance'],['orchestra'],auto_link_e5_multilang_small
Was ist die ID von Kyle?,"['Vertrauen', 'Playlisten', 'Künstler', 'Spieler College', 'Mitarbeiter']","['trust', 'playlists', 'artist', 'Artist', 'sqlite_sequence', 'player_college', 'Staff', 'Employee', 'employee', 'EMPLOYEE', 'staff', 'Employees', 'employees']",['Highschooler'],auto_link_e5_multilang_small
Was ist die ID von Kyle?,"['Vertrauen', 'Playlisten', 'Künstler', 'Spieler College', 'Mitarbeiter']","['trust', 'playlists', 'artist', 'Artist', 'sqlite_sequence', 'player_college', 'Staff', 'Employee', 'employee', 'EMPLOYEE', 'staff', 'Employees', 'employees']",['Highschooler'],auto_link_e5_multilang_small
"Zeigen Sie mir alle Klassen, die mindestens 4 Schüler haben.","['Liste', 'Liste', 'Klassenzimmer', 'Liste', 'Liste']","['list', 'classroom']",['Highschooler'],auto_link_e5_multilang_small
"Zeigen Sie mir alle Klassen, die mindestens 4 Schüler haben.","['Liste', 'Liste', 'Klassenzimmer', 'Liste', 'Liste']","['list', 'classroom']",['Highschooler'],auto_link_e5_multilang_small
Zeigen Sie die Namen der Gymnasiasten und die entsprechende Anzahl ihrer Freunde.,"['Gymnasiast', 'Gymnasiast', 'Liste', 'Liste', 'Gymnasiast']","['Highschooler', 'list']","['Highschooler', 'Friend']",auto_link_e5_multilang_small
Wie lauten die Namen der Gymnasiasten und wie viele Freunde hat jeder von ihnen?,"['Gymnasiast', 'Gymnasiast', 'Liste', 'Gymnasiast', 'Liste']","['Highschooler', 'list']","['Highschooler', 'Friend']",auto_link_e5_multilang_small
Geben Sie den Namen des Gymnasiasten mit den meisten Freunden zurück.,"['Gymnasiast', 'Liste', 'Liste', 'Studenten', 'Gymnasiast']","['Highschooler', 'list', 'Students']","['Highschooler', 'Friend']",auto_link_e5_multilang_small
Zeigen Sie die Namen aller Freunde des Gymnasiasten Kyle.,"['Liste', 'Liste', 'Gymnasiast', 'Gymnasiast', 'Liste']","['list', 'Highschooler']","['Highschooler', 'Friend']",auto_link_e5_multilang_small
"Zählen Sie die Anzahl der Freunde, die Kyle hat.","['persönlicher Freund', 'persönlicher Freund', 'Party', 'Freund', 'persönlicher Freund']","['PersonFriend', 'Parties', 'party', 'Friend']","['Highschooler', 'Friend']",auto_link_e5_multilang_small
"Zeigen Sie die IDs aller Schüler an, die keine Freunde haben.","['Freund', 'Freund', 'Student', 'Student', 'Student']","['Friend', 'student', 'Student', 'STUDENT']",['Highschooler'],auto_link_e5_multilang_small
"Wie lauten die Namen der Schüler, die keine Freunde haben?","['Liste', 'Liste', 'Freund', 'Freund', 'persönlicher Freund']","['list', 'Friend', 'PersonFriend']",['Highschooler'],auto_link_e5_multilang_small
"Zeigen Sie die Namen aller Studierenden an, die einige Freunde haben und auch von jemand anderem gemocht werden.","['Freund', 'Studenten', 'Studentenadressen', 'Freund', 'Student']","['Friend', 'Students', 'Student_Addresses', 'student', 'Student', 'STUDENT']","['Highschooler', 'Friend']",auto_link_e5_multilang_small
Zählen Sie die Anzahl der Vorlieben für jede Studenten-ID.,"['Student', 'Student', 'Student', 'Student', 'Studenteneinschreibung']","['student', 'Student', 'STUDENT', 'Student_Enrolment']",['Likes'],auto_link_e5_multilang_small
"Zeigen Sie die Namen der Gymnasiasten, die Vorlieben haben, und die Anzahl der Vorlieben für jede.","['Gymnasiast', 'Liste', 'Liste', 'Gymnasiast', 'Liste']","['Highschooler', 'list']","['Highschooler', 'Likes']",auto_link_e5_multilang_small
"Was sind die Namen der Gymnasiasten, die Vorlieben haben, und wie viele Vorlieben hat jeder von ihnen?","['Gymnasiast', 'Liste', 'Gymnasiast', 'Gymnasiast', 'Liste']","['Highschooler', 'list']","['Highschooler', 'Likes']",auto_link_e5_multilang_small
"Wie lautet der Name des Gymnasiasten, der die meisten Vorlieben hat?","['Gymnasiast', 'Gymnasiast', 'Liste', 'Gymnasiast', 'Liste']","['Highschooler', 'list']","['Highschooler', 'Likes']",auto_link_e5_multilang_small
Geben Sie den Namen des Schülers/der Schülerin mit den meisten Vorlieben an.,"['Liste', 'Liste', 'Lehrer', 'Lehrer', 'Liste']","['list', 'instructor', 'teacher', 'teachers', 'Teachers']","['Highschooler', 'Likes']",auto_link_e5_multilang_small
Geben Sie den Namen des Schülers/der Schülerin mit den meisten Vorlieben an.,"['Liste', 'Liste', 'Lehrer', 'Lehrer', 'Liste']","['list', 'instructor', 'teacher', 'teachers', 'Teachers']","['Highschooler', 'Likes']",auto_link_e5_multilang_small
"Zeigen Sie die Namen von Studierenden, die mindestens 2 Vorlieben haben.","['Studenten', 'Student', 'Studenten', 'Student', 'Student']","['Students', 'student', 'Student', 'STUDENT']","['Highschooler', 'Likes']",auto_link_e5_multilang_small
"Wie lauten die Namen der Schülerinnen und Schüler, die 2 oder mehr Vorlieben haben?","['Liste', 'Liste', 'Lehrer', 'Studenten', 'Freund']","['list', 'instructor', 'teacher', 'teachers', 'Teachers', 'Students', 'Friend']","['Highschooler', 'Likes']",auto_link_e5_multilang_small
"Wie lauten die Namen der Schülerinnen und Schüler, die 2 oder mehr Vorlieben haben?","['Liste', 'Liste', 'Lehrer', 'Studenten', 'Freund']","['list', 'instructor', 'teacher', 'teachers', 'Teachers', 'Students', 'Friend']","['Highschooler', 'Likes']",auto_link_e5_multilang_small
"Zeigen Sie die Namen der Schülerinnen und Schüler, die eine höhere Note als 5 haben und mindestens 2 Freunde haben.","['Liste', 'Liste', 'Freund', 'Freund', 'Bewertungsnotizen']","['list', 'Friend', 'Assessment_Notes']","['Highschooler', 'Friend']",auto_link_e5_multilang_small
Wie viele Vorlieben hat Kyle?,"['Nutzerprofile', 'Nutzerprofile', 'persönlicher Freund', 'Zeitplan', 'persönlicher Freund']","['user_profiles', 'PersonFriend', 'schedule']","['Highschooler', 'Likes']",auto_link_e5_multilang_small
Wie viele Vorlieben hat Kyle?,"['Nutzerprofile', 'Nutzerprofile', 'persönlicher Freund', 'Zeitplan', 'persönlicher Freund']","['user_profiles', 'PersonFriend', 'schedule']","['Highschooler', 'Likes']",auto_link_e5_multilang_small
"Geben Sie die Anzahl der Vorlieben zurück, die der Gymnasiast mit dem Namen Kyle hat.","['Gymnasiast', 'Liste', 'Liste', 'Gymnasiast', 'Gymnasiast']","['Highschooler', 'list']","['Highschooler', 'Likes']",auto_link_e5_multilang_small
"Ermitteln Sie die Durchschnittsnote aller Schülerinnen und Schüler, die einige Freunde haben.","['Freund', 'Freund', 'Liste', 'Liste', 'Liste']","['Friend', 'list']",['Highschooler'],auto_link_e5_multilang_small
"Wie ist die Durchschnittsnote der Schülerinnen und Schüler, die Freunde haben?","['Freund', 'Freund', 'persönlicher Freund', 'persönlicher Freund', 'persönlicher Freund']","['Friend', 'PersonFriend']",['Highschooler'],auto_link_e5_multilang_small
"Finden Sie die Mindestnote der Schülerinnen und Schüler, die keine Freunde haben.","['Freund', 'Freund', 'Liste', 'Liste', 'Liste']","['Friend', 'list']",['Highschooler'],auto_link_e5_multilang_small
"Was ist die niedrigste Note der Schülerinnen und Schüler, die keine Freunde haben?","['Freund', 'Freund', 'Bewertungsnotizen', 'Bewertungsnotizen', 'Bewertungsnotizen']","['Friend', 'Assessment_Notes']",['Highschooler'],auto_link_e5_multilang_small
"Finden Sie ID, Nachname und Mobiltelefon der Fachleute, die im Bundesstaat Indiana leben oder mehr als zwei Behandlungen durchgeführt haben.","['Behandlungen', 'Behandlungen', 'Behandlungen', 'Trainiert in', 'verschreibt']","['Treatments', 'Trained_In', 'Prescribes']",['Professionals'],auto_link_e5_multilang_small
Welche Hunde haben ihren Besitzer nicht mehr als 1000 für die Behandlung gekostet ? Listen Sie die Namen der Hunde auf.,"['Behandlungen', 'Profis', 'Profis', 'Profis', 'Profis']","['Treatments', 'Professionals']",['Dogs'],auto_link_e5_multilang_small
"Wer besitzt die meisten Hunde? Führen Sie die Besitzer-ID, den Vornamen und den Nachnamen auf.","['Hunde', 'Hunde', 'Hunde', 'Haustiere', 'Hunde']","['Dogs', 'Pets']","['Owners', 'Dogs']",auto_link_e5_multilang_small
"Geben Sie die ID, den Vornamen und den Nachnamen des Besitzers mit den meisten Hunden zurück.","['Hunde', 'Hunde', 'Hunde', 'Hunde', 'Hunde']",['Dogs'],"['Owners', 'Dogs']",auto_link_e5_multilang_small
"Welche Fachleute haben mindestens zwei Behandlungen durchgeführt? Geben Sie die ID, die Rolle und den Vornamen des Fachmanns an.","['Behandlungen', 'Trainiert in', 'Behandlungen', 'geplanter Termin', 'Behandlungen']","['Treatments', 'Trained_In', 'Appointment']","['Professionals', 'Treatments']",auto_link_e5_multilang_small
Welcher Besitzer hat für die meisten Behandlungen seiner Hunde bezahlt? Nennen Sie die Besitzer-ID und den Nachnamen.,"['Profis', 'Behandlungen', 'Profis', 'Behandlungen', 'Profis']","['Professionals', 'Treatments']","['Owners', 'Dogs', 'Treatments']",auto_link_e5_multilang_small
"Nennen Sie mir die ID und den Nachnamen des Besitzers, der für die Behandlung seiner Hunde am meisten ausgegeben hat.","['Profis', 'Behandlungen', 'Profis', 'Profis', 'Hunde']","['Professionals', 'Treatments', 'Dogs']","['Owners', 'Dogs', 'Treatments']",auto_link_e5_multilang_small
Welcher Besitzer hat insgesamt am meisten Geld für seine Hunde bezahlt? Geben Sie die ID und Postleitzahl des Besitzers an.,"['Hunde', 'Profis', 'Hunde', 'Haustiere', 'Profis']","['Dogs', 'Professionals', 'Pets']","['Owners', 'Dogs', 'Treatments']",auto_link_e5_multilang_small
"Suchen Sie die ID und Postleitzahl des Besitzers, der insgesamt am meisten Geld für seine Hunde ausgegeben hat.","['Hunde', 'Hunde', 'Profis', 'Hunde', 'Haustiere']","['Dogs', 'Professionals', 'Pets']","['Owners', 'Dogs', 'Treatments']",auto_link_e5_multilang_small
"Geben Sie das Datum jeder Behandlung an, zusammen mit dem Vornamen des Fachmanns, der die Behandlung durchgeführt hat.","['Behandlung', 'geplanter Termin', 'geplanter Termin', 'verschreibt', 'Behandlungen']","['Undergoes', 'Appointment', 'Prescribes', 'Treatments']","['Professionals', 'Treatments']",auto_link_e5_multilang_small
Wie lauten das Datum und der Vorname des operierenden Fachmanns für jede Behandlung?,"['geplanter Termin', 'Behandlung', 'Arzt', 'verbunden mit', 'Behandlungen']","['Appointment', 'Undergoes', 'Physician', 'Affiliated_With', 'Treatments']","['Professionals', 'Treatments']",auto_link_e5_multilang_small
"Geben Sie den Vornamen, den Nachnamen und die Größe ihres oder seines Hundes.","['Hunde', 'Hunde', 'Hunde', 'Hunde', 'Hunde']",['Dogs'],"['Owners', 'Dogs']",auto_link_e5_multilang_small
"Wie lauten der Vorname, der Nachname und die Größe des Hundes jedes Besitzers?","['Hunde', 'Hunde', 'Hunde', 'Hunde', 'Hunde']",['Dogs'],"['Owners', 'Dogs']",auto_link_e5_multilang_small
Listen Sie Paare aus dem Vornamen des Besitzers und dem Namen des Hundes auf.,"['Hunde', 'Hunde', 'Hunde', 'Hunde', 'Hunde']",['Dogs'],"['Owners', 'Dogs']",auto_link_e5_multilang_small
Führen Sie die Namen der Hunde der seltensten Rasse und die Behandlungsdaten der Hunde auf.,"['Hunde', 'Hunde', 'Hunde', 'Hunde', 'Hunde']",['Dogs'],"['Dogs', 'Treatments']",auto_link_e5_multilang_small
"Welche Hunde gehören jemandem, der in Virginia lebt? Geben Sie den Vornamen des Besitzers und den Namen des Hundes an.","['Hunde', 'Hunde', 'Hunde', 'Profis', 'Hunde']","['Dogs', 'Professionals']","['Owners', 'Dogs']",auto_link_e5_multilang_small
Geben Sie den Nachnamen des Besitzers oder der Besitzerin des jüngsten Hundes an.,"['Hunde', 'Hunde', 'Hunde', 'Hunde', 'Hunde']",['Dogs'],"['Owners', 'Dogs']",auto_link_e5_multilang_small
Wem gehört der jüngste Hund? Nennen Sie mir seinen oder ihren Nachnamen.,"['Hunde', 'Hunde', 'Hunde', 'Hunde', 'Hunde']",['Dogs'],"['Owners', 'Dogs']",auto_link_e5_multilang_small
"Wie lauten die E-Mails von Fachleuten, die entweder im Staat Hawaii oder im Staat Wisconsin leben?","['Studenten', 'Lehrer', 'Studenten', 'Nutzerprofile', 'Personen']","['Students', 'instructor', 'teacher', 'teachers', 'Teachers', 'user_profiles', 'People', 'people']",['Professionals'],auto_link_e5_multilang_small
"Wie lauten die E-Mails von Fachleuten, die entweder im Staat Hawaii oder im Staat Wisconsin leben?","['Studenten', 'Lehrer', 'Studenten', 'Nutzerprofile', 'Personen']","['Students', 'instructor', 'teacher', 'teachers', 'Teachers', 'user_profiles', 'People', 'people']",['Professionals'],auto_link_e5_multilang_small
Wie viele Fachleute haben eine Behandlung von Hunden durchgeführt?,"['Profis', 'Profis', 'Profis', 'Profis', 'Profis']",['Professionals'],['Treatments'],auto_link_e5_multilang_small
Wie viele Fachleute haben eine Behandlung von Hunden durchgeführt?,"['Profis', 'Profis', 'Profis', 'Profis', 'Profis']",['Professionals'],['Treatments'],auto_link_e5_multilang_small
"Ermitteln Sie die Anzahl der Fachleute, die jemals Hunde behandelt haben.","['Profis', 'Profis', 'Profis', 'Profis', 'Profis']",['Professionals'],['Treatments'],auto_link_e5_multilang_small
"Ermitteln Sie die Anzahl der Fachleute, die jemals Hunde behandelt haben.","['Profis', 'Profis', 'Profis', 'Profis', 'Profis']",['Professionals'],['Treatments'],auto_link_e5_multilang_small
"Welche Fachleute leben in einer Stadt mit der Teilzeichenfolge ""West""? Führen Sie seine oder ihre Rolle, Straße, Stadt und Bundesland auf.","['Lehrer', 'Stadt', 'Student', 'Stadt', 'Student']","['instructor', 'teacher', 'teachers', 'Teachers', 'city', 'student', 'Student', 'STUDENT']",['Professionals'],auto_link_e5_multilang_small
"Finden Sie die Rolle, Straße, Stadt und Staat der Fachleute, die in einer Stadt leben, die eine Teilzeichenfolge ""West"" enthält.","['Lehrer', 'Student', 'Student', 'Stadt', 'Besitzer']","['instructor', 'teacher', 'teachers', 'Teachers', 'student', 'Student', 'STUDENT', 'city', 'Owners']",['Professionals'],auto_link_e5_multilang_small
Wie viele Hunde haben keine Behandlung erhalten?,"['Profis', 'Behandlungen', 'Profis', 'Profis', 'Profis']","['Professionals', 'Treatments']",['Dogs'],auto_link_e5_multilang_small
Wie viele Besitzer haben vorübergehend keine Hunde?,"['Hunde', 'Hunde', 'Hunde', 'Hunde', 'Hotels']","['Dogs', 'Hotels']",['Owners'],auto_link_e5_multilang_small
"Finden Sie die Anzahl der Besitzer, die zur Zeit keine Hunde besitzen.","['Hunde', 'Hunde', 'Hunde', 'Hunde', 'Hunde']",['Dogs'],['Owners'],auto_link_e5_multilang_small
"Führen Sie die E-Mail, das Mobiltelefon und das Festnetztelefon aller Fachleute auf.","['Student', 'Lehrer', 'Kunden', 'Studenten', 'Kunden']","['student', 'Student', 'STUDENT', 'instructor', 'teacher', 'teachers', 'Teachers', 'Customers', 'customers', 'Clients', 'Students']",['Professionals'],auto_link_e5_multilang_small
"Führen Sie die E-Mail, das Mobiltelefon und das Festnetztelefon aller Fachleute auf.","['Student', 'Lehrer', 'Kunden', 'Studenten', 'Kunden']","['student', 'Student', 'STUDENT', 'instructor', 'teacher', 'teachers', 'Teachers', 'Customers', 'customers', 'Clients', 'Students']",['Professionals'],auto_link_e5_multilang_small
"Was sind die E-Mail, das Mobiltelefon und das Festnetztelefon jedes Fachmanns?","['Kunden', 'Telefon', 'Kunden', 'Kunden', 'Personen']","['Customers', 'customers', 'Clients', 'phone', 'People', 'people']",['Professionals'],auto_link_e5_multilang_small
Was sind alle möglichen Kombinationen von Rassentyp und Größentyp?,"['Rassen', 'Rassen', 'Größen', 'Größen', 'Referenzmerkmalstypen']","['Breeds', 'Sizes', 'Ref_Characteristic_Types']",['Dogs'],auto_link_e5_multilang_small
Was sind alle möglichen Kombinationen von Rassentyp und Größentyp?,"['Rassen', 'Rassen', 'Größen', 'Größen', 'Referenzmerkmalstypen']","['Breeds', 'Sizes', 'Ref_Characteristic_Types']",['Dogs'],auto_link_e5_multilang_small
"Nennen Sie die Vornamen aller Fachleute, zusammen mit der Beschreibung der Behandlung, die sie durchgeführt haben.","['verbunden mit', 'Profis', 'geduldig', 'Behandlungsarten', 'Trainiert in']","['Affiliated_With', 'Professionals', 'Patient', 'Treatment_Types', 'Trained_In']","['Treatment_Types', 'Professionals', 'Treatments']",auto_link_e5_multilang_small
Wie viele verfügbare Merkmale gibt es insgesamt?,"['Referenzmerkmalstypen', 'Referenzmerkmalstypen', 'Laden', 'Farm', 'Bildschirm-Modell']","['Ref_Characteristic_Types', 'shop', 'farm', 'screen_mode']",['Other_Available_Features'],auto_link_e5_multilang_small
Wie viele verfügbare Merkmale gibt es insgesamt?,"['Referenzmerkmalstypen', 'Referenzmerkmalstypen', 'Laden', 'Farm', 'Bildschirm-Modell']","['Ref_Characteristic_Types', 'shop', 'farm', 'screen_mode']",['Other_Available_Features'],auto_link_e5_multilang_small
Wie lautet der Merkmalstypname des Merkmals AirCon?,"['Airline', 'Airline', 'Flugzeug', 'Flug', 'Flugzeug']","['airlines', 'aircraft', 'flight']","['Ref_Feature_Types', 'Other_Available_Features']",auto_link_e5_multilang_small
Wie lautet der Merkmalstypname des Merkmals AirCon?,"['Airline', 'Airline', 'Flugzeug', 'Flug', 'Flugzeug']","['airlines', 'aircraft', 'flight']","['Ref_Feature_Types', 'Other_Available_Features']",auto_link_e5_multilang_small
